<?xml version="1.0" encoding="UTF-8"?><kml xmlns="http://www.opengis.net/kml/2.2" xmlns:gx="http://www.google.com/kml/ext/2.2"><!-- Hermanus 1-18 - 3D Golf Course Fly-Over - ProVisualizer.com --><Document><name>Hermanus 1-18</name><open>1</open><Style id="LS1"><LineStyle><color>FFFFFFFF</color><width>1</width><gx:labelVisibility>0</gx:labelVisibility></LineStyle></Style><Folder><name>Show Tees</name><open>0</open><Placemark><name>Hole 1 Tee</name><visibility>0</visibility><styleUrl>#LS1</styleUrl><LineString><extrude>0</extrude><tessellate>0</tessellate><altitudeMode>relativeToGround</altitudeMode><coordinates>19.253940425394,-34.40949644095,0 19.253940425394,-34.40949644095,2 </coordinates></LineString></Placemark><Placemark><name>Hole 2 Tee</name><visibility>0</visibility><styleUrl>#LS1</styleUrl><LineString><extrude>0</extrude><tessellate>0</tessellate><altitudeMode>relativeToGround</altitudeMode><coordinates>19.2539953254,-34.40569844057,0 19.2539953254,-34.40569844057,2 </coordinates></LineString></Placemark><Placemark><name>Hole 3 Tee</name><visibility>0</visibility><styleUrl>#LS1</styleUrl><LineString><extrude>0</extrude><tessellate>0</tessellate><altitudeMode>relativeToGround</altitudeMode><coordinates>19.259454725945,-34.40370044037,0 19.259454725945,-34.40370044037,2 </coordinates></LineString></Placemark><Placemark><name>Hole 4 Tee</name><visibility>0</visibility><styleUrl>#LS1</styleUrl><LineString><extrude>0</extrude><tessellate>0</tessellate><altitudeMode>relativeToGround</altitudeMode><coordinates>19.264155426416,-34.401033740103,0 19.264155426416,-34.401033740103,2 </coordinates></LineString></Placemark><Placemark><name>Hole 5 Tee</name><visibility>0</visibility><styleUrl>#LS1</styleUrl><LineString><extrude>0</extrude><tessellate>0</tessellate><altitudeMode>relativeToGround</altitudeMode><coordinates>19.266626826663,-34.400554940055,0 19.266626826663,-34.400554940055,2 </coordinates></LineString></Placemark><Placemark><name>Hole 6 Tee</name><visibility>0</visibility><styleUrl>#LS1</styleUrl><LineString><extrude>0</extrude><tessellate>0</tessellate><altitudeMode>relativeToGround</altitudeMode><coordinates>19.261989126199,-34.401069740107,0 19.261989126199,-34.401069740107,2 </coordinates></LineString></Placemark><Placemark><name>Hole 7 Tee</name><visibility>0</visibility><styleUrl>#LS1</styleUrl><LineString><extrude>0</extrude><tessellate>0</tessellate><altitudeMode>relativeToGround</altitudeMode><coordinates>19.257113825711,-34.403735540374,0 19.257113825711,-34.403735540374,2 </coordinates></LineString></Placemark><Placemark><name>Hole 8 Tee</name><visibility>0</visibility><styleUrl>#LS1</styleUrl><LineString><extrude>0</extrude><tessellate>0</tessellate><altitudeMode>relativeToGround</altitudeMode><coordinates>19.253018825302,-34.406617340662,0 19.253018825302,-34.406617340662,2 </coordinates></LineString></Placemark><Placemark><name>Hole 9 Tee</name><visibility>0</visibility><styleUrl>#LS1</styleUrl><LineString><extrude>0</extrude><tessellate>0</tessellate><altitudeMode>relativeToGround</altitudeMode><coordinates>19.252535525254,-34.410047241005,0 19.252535525254,-34.410047241005,2 </coordinates></LineString></Placemark><Placemark><name>Hole 10 Tee</name><visibility>0</visibility><styleUrl>#LS1</styleUrl><LineString><extrude>0</extrude><tessellate>0</tessellate><altitudeMode>relativeToGround</altitudeMode><coordinates>19.25469822547,-34.41010124101,0 19.25469822547,-34.41010124101,2 </coordinates></LineString></Placemark><Placemark><name>Hole 11 Tee</name><visibility>0</visibility><styleUrl>#LS1</styleUrl><LineString><extrude>0</extrude><tessellate>0</tessellate><altitudeMode>relativeToGround</altitudeMode><coordinates>19.256573825657,-34.407223040722,0 19.256573825657,-34.407223040722,2 </coordinates></LineString></Placemark><Placemark><name>Hole 12 Tee</name><visibility>0</visibility><styleUrl>#LS1</styleUrl><LineString><extrude>0</extrude><tessellate>0</tessellate><altitudeMode>relativeToGround</altitudeMode><coordinates>19.260454626045,-34.40360234036,0 19.260454626045,-34.40360234036,2 </coordinates></LineString></Placemark><Placemark><name>Hole 13 Tee</name><visibility>0</visibility><styleUrl>#LS1</styleUrl><LineString><extrude>0</extrude><tessellate>0</tessellate><altitudeMode>relativeToGround</altitudeMode><coordinates>19.263777426378,-34.401145340115,0 19.263777426378,-34.401145340115,2 </coordinates></LineString></Placemark><Placemark><name>Hole 14 Tee</name><visibility>0</visibility><styleUrl>#LS1</styleUrl><LineString><extrude>0</extrude><tessellate>0</tessellate><altitudeMode>relativeToGround</altitudeMode><coordinates>19.264626126463,-34.403372840337,0 19.264626126463,-34.403372840337,2 </coordinates></LineString></Placemark><Placemark><name>Hole 15 Tee</name><visibility>0</visibility><styleUrl>#LS1</styleUrl><LineString><extrude>0</extrude><tessellate>0</tessellate><altitudeMode>relativeToGround</altitudeMode><coordinates>19.265353326535,-34.406043140604,0 19.265353326535,-34.406043140604,2 </coordinates></LineString></Placemark><Placemark><name>Hole 16 Tee</name><visibility>0</visibility><styleUrl>#LS1</styleUrl><LineString><extrude>0</extrude><tessellate>0</tessellate><altitudeMode>relativeToGround</altitudeMode><coordinates>19.26080382608,-34.407364340736,0 19.26080382608,-34.407364340736,2 </coordinates></LineString></Placemark><Placemark><name>Hole 17 Tee</name><visibility>0</visibility><styleUrl>#LS1</styleUrl><LineString><extrude>0</extrude><tessellate>0</tessellate><altitudeMode>relativeToGround</altitudeMode><coordinates>19.262717226272,-34.405777640578,0 19.262717226272,-34.405777640578,2 </coordinates></LineString></Placemark><Placemark><name>Hole 18 Tee</name><visibility>0</visibility><styleUrl>#LS1</styleUrl><LineString><extrude>0</extrude><tessellate>0</tessellate><altitudeMode>relativeToGround</altitudeMode><coordinates>19.257642125764,-34.407492140749,0 19.257642125764,-34.407492140749,2 </coordinates></LineString></Placemark></Folder><Folder><name>Show Pins</name><open>0</open><Placemark><name>Hole 1 Pin</name><visibility>1</visibility><styleUrl>#LS1</styleUrl><LineString><extrude>0</extrude><tessellate>0</tessellate><altitudeMode>relativeToGround</altitudeMode><coordinates>19.254089825409,-34.406611940661,0 19.254089825409,-34.406611940661,2 </coordinates></LineString></Placemark><Placemark><name>Hole 2 Pin</name><visibility>1</visibility><styleUrl>#LS1</styleUrl><LineString><extrude>0</extrude><tessellate>0</tessellate><altitudeMode>relativeToGround</altitudeMode><coordinates>19.258974125897,-34.404180140418,0 19.258974125897,-34.404180140418,2 </coordinates></LineString></Placemark><Placemark><name>Hole 3 Pin</name><visibility>1</visibility><styleUrl>#LS1</styleUrl><LineString><extrude>0</extrude><tessellate>0</tessellate><altitudeMode>relativeToGround</altitudeMode><coordinates>19.263078126308,-34.40129744013,0 19.263078126308,-34.40129744013,2 </coordinates></LineString></Placemark><Placemark><name>Hole 4 Pin</name><visibility>1</visibility><styleUrl>#LS1</styleUrl><LineString><extrude>0</extrude><tessellate>0</tessellate><altitudeMode>relativeToGround</altitudeMode><coordinates>19.266176826618,-34.400972540097,0 19.266176826618,-34.400972540097,2 </coordinates></LineString></Placemark><Placemark><name>Hole 5 Pin</name><visibility>1</visibility><styleUrl>#LS1</styleUrl><LineString><extrude>0</extrude><tessellate>0</tessellate><altitudeMode>relativeToGround</altitudeMode><coordinates>19.262431926243,-34.400852840085,0 19.262431926243,-34.400852840085,2 </coordinates></LineString></Placemark><Placemark><name>Hole 6 Pin</name><visibility>1</visibility><styleUrl>#LS1</styleUrl><LineString><extrude>0</extrude><tessellate>0</tessellate><altitudeMode>relativeToGround</altitudeMode><coordinates>19.257833825783,-34.404021740402,0 19.257833825783,-34.404021740402,2 </coordinates></LineString></Placemark><Placemark><name>Hole 7 Pin</name><visibility>1</visibility><styleUrl>#LS1</styleUrl><LineString><extrude>0</extrude><tessellate>0</tessellate><altitudeMode>relativeToGround</altitudeMode><coordinates>19.253431925343,-34.405490540549,0 19.253431925343,-34.405490540549,2 </coordinates></LineString></Placemark><Placemark><name>Hole 8 Pin</name><visibility>1</visibility><styleUrl>#LS1</styleUrl><LineString><extrude>0</extrude><tessellate>0</tessellate><altitudeMode>relativeToGround</altitudeMode><coordinates>19.252009925201,-34.409847440985,0 19.252009925201,-34.409847440985,2 </coordinates></LineString></Placemark><Placemark><name>Hole 9 Pin</name><visibility>1</visibility><styleUrl>#LS1</styleUrl><LineString><extrude>0</extrude><tessellate>0</tessellate><altitudeMode>relativeToGround</altitudeMode><coordinates>19.25429682543,-34.40989964099,0 19.25429682543,-34.40989964099,2 </coordinates></LineString></Placemark><Placemark><name>Hole 10 Pin</name><visibility>1</visibility><styleUrl>#LS1</styleUrl><LineString><extrude>0</extrude><tessellate>0</tessellate><altitudeMode>relativeToGround</altitudeMode><coordinates>19.257079625708,-34.407430940743,0 19.257079625708,-34.407430940743,2 </coordinates></LineString></Placemark><Placemark><name>Hole 11 Pin</name><visibility>1</visibility><styleUrl>#LS1</styleUrl><LineString><extrude>0</extrude><tessellate>0</tessellate><altitudeMode>relativeToGround</altitudeMode><coordinates>19.259854325985,-34.403950640395,0 19.259854325985,-34.403950640395,2 </coordinates></LineString></Placemark><Placemark><name>Hole 12 Pin</name><visibility>1</visibility><styleUrl>#LS1</styleUrl><LineString><extrude>0</extrude><tessellate>0</tessellate><altitudeMode>relativeToGround</altitudeMode><coordinates>19.263405726341,-34.40150444015,0 19.263405726341,-34.40150444015,2 </coordinates></LineString></Placemark><Placemark><name>Hole 13 Pin</name><visibility>1</visibility><styleUrl>#LS1</styleUrl><LineString><extrude>0</extrude><tessellate>0</tessellate><altitudeMode>relativeToGround</altitudeMode><coordinates>19.264215726422,-34.402743740274,0 19.264215726422,-34.402743740274,2 </coordinates></LineString></Placemark><Placemark><name>Hole 14 Pin</name><visibility>1</visibility><styleUrl>#LS1</styleUrl><LineString><extrude>0</extrude><tessellate>0</tessellate><altitudeMode>relativeToGround</altitudeMode><coordinates>19.266135426614,-34.406059340606,0 19.266135426614,-34.406059340606,2 </coordinates></LineString></Placemark><Placemark><name>Hole 15 Pin</name><visibility>1</visibility><styleUrl>#LS1</styleUrl><LineString><extrude>0</extrude><tessellate>0</tessellate><altitudeMode>relativeToGround</altitudeMode><coordinates>19.261438326144,-34.40739944074,0 19.261438326144,-34.40739944074,2 </coordinates></LineString></Placemark><Placemark><name>Hole 16 Pin</name><visibility>1</visibility><styleUrl>#LS1</styleUrl><LineString><extrude>0</extrude><tessellate>0</tessellate><altitudeMode>relativeToGround</altitudeMode><coordinates>19.262349126235,-34.406168240617,0 19.262349126235,-34.406168240617,2 </coordinates></LineString></Placemark><Placemark><name>Hole 17 Pin</name><visibility>1</visibility><styleUrl>#LS1</styleUrl><LineString><extrude>0</extrude><tessellate>0</tessellate><altitudeMode>relativeToGround</altitudeMode><coordinates>19.257891425789,-34.407158240716,0 19.257891425789,-34.407158240716,2 </coordinates></LineString></Placemark><Placemark><name>Hole 18 Pin</name><visibility>1</visibility><styleUrl>#LS1</styleUrl><LineString><extrude>0</extrude><tessellate>0</tessellate><altitudeMode>relativeToGround</altitudeMode><coordinates>19.255479425548,-34.409690840969,0 19.255479425548,-34.409690840969,2 </coordinates></LineString></Placemark></Folder><Folder><name>Show Targets</name><open>0</open><Placemark><name>Hole 1 Target 1</name><visibility>1</visibility><styleUrl>#LS1</styleUrl><LineString><extrude>0</extrude><tessellate>0</tessellate><altitudeMode>relativeToGround</altitudeMode><coordinates>19.254633425463,-34.407478640748,0 19.254633425463,-34.407478640748,2 </coordinates></LineString></Placemark><Placemark><name>Hole 2 Target 1</name><visibility>1</visibility><styleUrl>#LS1</styleUrl><LineString><extrude>0</extrude><tessellate>0</tessellate><altitudeMode>relativeToGround</altitudeMode><coordinates>19.25679792568,-34.405114340511,0 19.25679792568,-34.405114340511,2 </coordinates></LineString></Placemark><Placemark><name>Hole 2 Target 2</name><visibility>1</visibility><styleUrl>#LS1</styleUrl><LineString><extrude>0</extrude><tessellate>0</tessellate><altitudeMode>relativeToGround</altitudeMode><coordinates>19.258423325842,-34.404592340459,0 19.258423325842,-34.404592340459,2 </coordinates></LineString></Placemark><Placemark><name>Hole 3 Target 1</name><visibility>1</visibility><styleUrl>#LS1</styleUrl><LineString><extrude>0</extrude><tessellate>0</tessellate><altitudeMode>relativeToGround</altitudeMode><coordinates>19.261531926153,-34.402289240229,0 19.261531926153,-34.402289240229,2 </coordinates></LineString></Placemark><Placemark><name>Hole 5 Target 1</name><visibility>1</visibility><styleUrl>#LS1</styleUrl><LineString><extrude>0</extrude><tessellate>0</tessellate><altitudeMode>relativeToGround</altitudeMode><coordinates>19.263785526379,-34.400545940055,0 19.263785526379,-34.400545940055,2 </coordinates></LineString></Placemark><Placemark><name>Hole 6 Target 1</name><visibility>1</visibility><styleUrl>#LS1</styleUrl><LineString><extrude>0</extrude><tessellate>0</tessellate><altitudeMode>relativeToGround</altitudeMode><coordinates>19.259859725986,-34.402621340262,0 19.259859725986,-34.402621340262,2 </coordinates></LineString></Placemark><Placemark><name>Hole 6 Target 2</name><visibility>1</visibility><styleUrl>#LS1</styleUrl><LineString><extrude>0</extrude><tessellate>0</tessellate><altitudeMode>relativeToGround</altitudeMode><coordinates>19.258356725836,-34.40370134037,0 19.258356725836,-34.40370134037,2 </coordinates></LineString></Placemark><Placemark><name>Hole 7 Target 1</name><visibility>1</visibility><styleUrl>#LS1</styleUrl><LineString><extrude>0</extrude><tessellate>0</tessellate><altitudeMode>relativeToGround</altitudeMode><coordinates>19.254561425456,-34.404854240485,0 19.254561425456,-34.404854240485,2 </coordinates></LineString></Placemark><Placemark><name>Hole 8 Target 1</name><visibility>1</visibility><styleUrl>#LS1</styleUrl><LineString><extrude>0</extrude><tessellate>0</tessellate><altitudeMode>relativeToGround</altitudeMode><coordinates>19.25219712522,-34.40890424089,0 19.25219712522,-34.40890424089,2 </coordinates></LineString></Placemark><Placemark><name>Hole 10 Target 1</name><visibility>1</visibility><styleUrl>#LS1</styleUrl><LineString><extrude>0</extrude><tessellate>0</tessellate><altitudeMode>relativeToGround</altitudeMode><coordinates>19.2560023256,-34.408065440807,0 19.2560023256,-34.408065440807,2 </coordinates></LineString></Placemark><Placemark><name>Hole 11 Target 1</name><visibility>1</visibility><styleUrl>#LS1</styleUrl><LineString><extrude>0</extrude><tessellate>0</tessellate><altitudeMode>relativeToGround</altitudeMode><coordinates>19.258681625868,-34.405591340559,0 19.258681625868,-34.405591340559,2 </coordinates></LineString></Placemark><Placemark><name>Hole 11 Target 2</name><visibility>1</visibility><styleUrl>#LS1</styleUrl><LineString><extrude>0</extrude><tessellate>0</tessellate><altitudeMode>relativeToGround</altitudeMode><coordinates>19.259618525962,-34.404377240438,0 19.259618525962,-34.404377240438,2 </coordinates></LineString></Placemark><Placemark><name>Hole 12 Target 1</name><visibility>1</visibility><styleUrl>#LS1</styleUrl><LineString><extrude>0</extrude><tessellate>0</tessellate><altitudeMode>relativeToGround</altitudeMode><coordinates>19.262665026267,-34.402264940226,0 19.262665026267,-34.402264940226,2 </coordinates></LineString></Placemark><Placemark><name>Hole 14 Target 1</name><visibility>1</visibility><styleUrl>#LS1</styleUrl><LineString><extrude>0</extrude><tessellate>0</tessellate><altitudeMode>relativeToGround</altitudeMode><coordinates>19.265692626569,-34.405231340523,0 19.265692626569,-34.405231340523,2 </coordinates></LineString></Placemark><Placemark><name>Hole 15 Target 1</name><visibility>1</visibility><styleUrl>#LS1</styleUrl><LineString><extrude>0</extrude><tessellate>0</tessellate><altitudeMode>relativeToGround</altitudeMode><coordinates>19.262632626263,-34.406850440685,0 19.262632626263,-34.406850440685,2 </coordinates></LineString></Placemark><Placemark><name>Hole 17 Target 1</name><visibility>1</visibility><styleUrl>#LS1</styleUrl><LineString><extrude>0</extrude><tessellate>0</tessellate><altitudeMode>relativeToGround</altitudeMode><coordinates>19.259831825983,-34.405918040592,0 19.259831825983,-34.405918040592,2 </coordinates></LineString></Placemark><Placemark><name>Hole 17 Target 2</name><visibility>1</visibility><styleUrl>#LS1</styleUrl><LineString><extrude>0</extrude><tessellate>0</tessellate><altitudeMode>relativeToGround</altitudeMode><coordinates>19.258345025835,-34.406671340667,0 19.258345025835,-34.406671340667,2 </coordinates></LineString></Placemark><Placemark><name>Hole 18 Target 1</name><visibility>1</visibility><styleUrl>#LS1</styleUrl><LineString><extrude>0</extrude><tessellate>0</tessellate><altitudeMode>relativeToGround</altitudeMode><coordinates>19.255929425593,-34.409150840915,0 19.255929425593,-34.409150840915,2 </coordinates></LineString></Placemark></Folder><Folder><name>Show Center Lines</name><open>0</open><Placemark><name>Hole 1 Center Line</name><visibility>0</visibility><styleUrl>#LS1</styleUrl><LineString><extrude>0</extrude><tessellate>0</tessellate><altitudeMode>relativeToGround</altitudeMode><coordinates>19.253940425394,-34.40949644095,1 19.254633425463,-34.407478640748,1 19.254089825409,-34.406611940661,1 </coordinates></LineString></Placemark><Placemark><name>Hole 2 Center Line</name><visibility>0</visibility><styleUrl>#LS1</styleUrl><LineString><extrude>0</extrude><tessellate>0</tessellate><altitudeMode>relativeToGround</altitudeMode><coordinates>19.2539953254,-34.40569844057,1 19.25679792568,-34.405114340511,1 19.258423325842,-34.404592340459,1 19.258974125897,-34.404180140418,1 </coordinates></LineString></Placemark><Placemark><name>Hole 3 Center Line</name><visibility>0</visibility><styleUrl>#LS1</styleUrl><LineString><extrude>0</extrude><tessellate>0</tessellate><altitudeMode>relativeToGround</altitudeMode><coordinates>19.259454725945,-34.40370044037,1 19.261531926153,-34.402289240229,1 19.263078126308,-34.40129744013,1 </coordinates></LineString></Placemark><Placemark><name>Hole 4 Center Line</name><visibility>0</visibility><styleUrl>#LS1</styleUrl><LineString><extrude>0</extrude><tessellate>0</tessellate><altitudeMode>relativeToGround</altitudeMode><coordinates>19.264155426416,-34.401033740103,1 19.266176826618,-34.400972540097,1 </coordinates></LineString></Placemark><Placemark><name>Hole 5 Center Line</name><visibility>0</visibility><styleUrl>#LS1</styleUrl><LineString><extrude>0</extrude><tessellate>0</tessellate><altitudeMode>relativeToGround</altitudeMode><coordinates>19.266626826663,-34.400554940055,1 19.263785526379,-34.400545940055,1 19.262431926243,-34.400852840085,1 </coordinates></LineString></Placemark><Placemark><name>Hole 6 Center Line</name><visibility>0</visibility><styleUrl>#LS1</styleUrl><LineString><extrude>0</extrude><tessellate>0</tessellate><altitudeMode>relativeToGround</altitudeMode><coordinates>19.261989126199,-34.401069740107,1 19.259859725986,-34.402621340262,1 19.258356725836,-34.40370134037,1 19.257833825783,-34.404021740402,1 </coordinates></LineString></Placemark><Placemark><name>Hole 7 Center Line</name><visibility>0</visibility><styleUrl>#LS1</styleUrl><LineString><extrude>0</extrude><tessellate>0</tessellate><altitudeMode>relativeToGround</altitudeMode><coordinates>19.257113825711,-34.403735540374,1 19.254561425456,-34.404854240485,1 19.253431925343,-34.405490540549,1 </coordinates></LineString></Placemark><Placemark><name>Hole 8 Center Line</name><visibility>0</visibility><styleUrl>#LS1</styleUrl><LineString><extrude>0</extrude><tessellate>0</tessellate><altitudeMode>relativeToGround</altitudeMode><coordinates>19.253018825302,-34.406617340662,1 19.25219712522,-34.40890424089,1 19.252009925201,-34.409847440985,1 </coordinates></LineString></Placemark><Placemark><name>Hole 9 Center Line</name><visibility>0</visibility><styleUrl>#LS1</styleUrl><LineString><extrude>0</extrude><tessellate>0</tessellate><altitudeMode>relativeToGround</altitudeMode><coordinates>19.252535525254,-34.410047241005,1 19.25429682543,-34.40989964099,1 </coordinates></LineString></Placemark><Placemark><name>Hole 10 Center Line</name><visibility>0</visibility><styleUrl>#LS1</styleUrl><LineString><extrude>0</extrude><tessellate>0</tessellate><altitudeMode>relativeToGround</altitudeMode><coordinates>19.25469822547,-34.41010124101,1 19.2560023256,-34.408065440807,1 19.257079625708,-34.407430940743,1 </coordinates></LineString></Placemark><Placemark><name>Hole 11 Center Line</name><visibility>0</visibility><styleUrl>#LS1</styleUrl><LineString><extrude>0</extrude><tessellate>0</tessellate><altitudeMode>relativeToGround</altitudeMode><coordinates>19.256573825657,-34.407223040722,1 19.258681625868,-34.405591340559,1 19.259618525962,-34.404377240438,1 19.259854325985,-34.403950640395,1 </coordinates></LineString></Placemark><Placemark><name>Hole 12 Center Line</name><visibility>0</visibility><styleUrl>#LS1</styleUrl><LineString><extrude>0</extrude><tessellate>0</tessellate><altitudeMode>relativeToGround</altitudeMode><coordinates>19.260454626045,-34.40360234036,1 19.262665026267,-34.402264940226,1 19.263405726341,-34.40150444015,1 </coordinates></LineString></Placemark><Placemark><name>Hole 13 Center Line</name><visibility>0</visibility><styleUrl>#LS1</styleUrl><LineString><extrude>0</extrude><tessellate>0</tessellate><altitudeMode>relativeToGround</altitudeMode><coordinates>19.263777426378,-34.401145340115,1 19.264215726422,-34.402743740274,1 </coordinates></LineString></Placemark><Placemark><name>Hole 14 Center Line</name><visibility>0</visibility><styleUrl>#LS1</styleUrl><LineString><extrude>0</extrude><tessellate>0</tessellate><altitudeMode>relativeToGround</altitudeMode><coordinates>19.264626126463,-34.403372840337,1 19.265692626569,-34.405231340523,1 19.266135426614,-34.406059340606,1 </coordinates></LineString></Placemark><Placemark><name>Hole 15 Center Line</name><visibility>0</visibility><styleUrl>#LS1</styleUrl><LineString><extrude>0</extrude><tessellate>0</tessellate><altitudeMode>relativeToGround</altitudeMode><coordinates>19.265353326535,-34.406043140604,1 19.262632626263,-34.406850440685,1 19.261438326144,-34.40739944074,1 </coordinates></LineString></Placemark><Placemark><name>Hole 16 Center Line</name><visibility>0</visibility><styleUrl>#LS1</styleUrl><LineString><extrude>0</extrude><tessellate>0</tessellate><altitudeMode>relativeToGround</altitudeMode><coordinates>19.26080382608,-34.407364340736,1 19.262349126235,-34.406168240617,1 </coordinates></LineString></Placemark><Placemark><name>Hole 17 Center Line</name><visibility>0</visibility><styleUrl>#LS1</styleUrl><LineString><extrude>0</extrude><tessellate>0</tessellate><altitudeMode>relativeToGround</altitudeMode><coordinates>19.262717226272,-34.405777640578,1 19.259831825983,-34.405918040592,1 19.258345025835,-34.406671340667,1 19.257891425789,-34.407158240716,1 </coordinates></LineString></Placemark><Placemark><name>Hole 18 Center Line</name><visibility>0</visibility><styleUrl>#LS1</styleUrl><LineString><extrude>0</extrude><tessellate>0</tessellate><altitudeMode>relativeToGround</altitudeMode><coordinates>19.257642125764,-34.407492140749,1 19.255929425593,-34.409150840915,1 19.255479425548,-34.409690840969,1 </coordinates></LineString></Placemark></Folder><Placemark><name>Show Profile Line</name><visibility>0</visibility><styleUrl>#LS1</styleUrl><LineString><extrude>0</extrude><tessellate>0</tessellate><altitudeMode>relativeToGround</altitudeMode><coordinates>19.253940425394,-34.40949644095,1 19.254633425463,-34.407478640748,1 19.254089825409,-34.406611940661,1 19.2539953254,-34.40569844057,1 19.25679792568,-34.405114340511,1 19.258423325842,-34.404592340459,1 19.258974125897,-34.404180140418,1 19.259454725945,-34.40370044037,1 19.261531926153,-34.402289240229,1 19.263078126308,-34.40129744013,1 19.264155426416,-34.401033740103,1 19.266176826618,-34.400972540097,1 19.266626826663,-34.400554940055,1 19.263785526379,-34.400545940055,1 19.262431926243,-34.400852840085,1 19.261989126199,-34.401069740107,1 19.259859725986,-34.402621340262,1 19.258356725836,-34.40370134037,1 19.257833825783,-34.404021740402,1 19.257113825711,-34.403735540374,1 19.254561425456,-34.404854240485,1 19.253431925343,-34.405490540549,1 19.253018825302,-34.406617340662,1 19.25219712522,-34.40890424089,1 19.252009925201,-34.409847440985,1 19.252535525254,-34.410047241005,1 19.25429682543,-34.40989964099,1 19.25469822547,-34.41010124101,1 19.2560023256,-34.408065440807,1 19.257079625708,-34.407430940743,1 19.256573825657,-34.407223040722,1 19.258681625868,-34.405591340559,1 19.259618525962,-34.404377240438,1 19.259854325985,-34.403950640395,1 19.260454626045,-34.40360234036,1 19.262665026267,-34.402264940226,1 19.263405726341,-34.40150444015,1 19.263777426378,-34.401145340115,1 19.264215726422,-34.402743740274,1 19.264626126463,-34.403372840337,1 19.265692626569,-34.405231340523,1 19.266135426614,-34.406059340606,1 19.265353326535,-34.406043140604,1 19.262632626263,-34.406850440685,1 19.261438326144,-34.40739944074,1 19.26080382608,-34.407364340736,1 19.262349126235,-34.406168240617,1 19.262717226272,-34.405777640578,1 19.259831825983,-34.405918040592,1 19.258345025835,-34.406671340667,1 19.257891425789,-34.407158240716,1 19.257642125764,-34.407492140749,1 19.255929425593,-34.409150840915,1 19.255479425548,-34.409690840969,1 </coordinates></LineString></Placemark><gx:Tour><name>Complete Tour</name><gx:Playlist><gx:FlyTo><gx:duration>10</gx:duration><gx:flyToMode>bounce</gx:flyToMode><LookAt><latitude>-34.406282720628</latitude><longitude>19.259318375932</longitude><altitude>0</altitude><altitudeMode>relativeToGround</altitudeMode><heading>0</heading><tilt>65</tilt><range>2000</range></LookAt></gx:FlyTo><gx:Wait><gx:duration>1</gx:duration></gx:Wait><gx:FlyTo><gx:duration>5</gx:duration><gx:flyToMode>smooth</gx:flyToMode><LookAt><latitude>-34.40949644095</latitude><longitude>19.253940425394</longitude><altitude>22</altitude><altitudeMode>relativeToGround</altitudeMode><heading>15.819949743962</heading><tilt>70</tilt><range>90</range></LookAt></gx:FlyTo><gx:Wait><gx:duration>1</gx:duration></gx:Wait><gx:FlyTo><gx:duration>4</gx:duration><gx:flyToMode>smooth</gx:flyToMode><LookAt><latitude>-34.40949644095</latitude><longitude>19.253940425394</longitude><altitude>14</altitude><altitudeMode>relativeToGround</altitudeMode><heading>15.819949743962</heading><tilt>74</tilt><range>60</range></LookAt></gx:FlyTo><gx:Wait><gx:duration>2</gx:duration></gx:Wait><gx:FlyTo><gx:duration>4</gx:duration><gx:flyToMode>smooth</gx:flyToMode><LookAt><latitude>-34.407478640748</latitude><longitude>19.254633425463</longitude><altitude>11</altitude><altitudeMode>relativeToGround</altitudeMode><heading>-27.360227682515</heading><tilt>75</tilt><range>45</range></LookAt></gx:FlyTo><gx:Wait><gx:duration>2</gx:duration></gx:Wait><gx:FlyTo><gx:duration>4</gx:duration><gx:flyToMode>smooth</gx:flyToMode><LookAt><latitude>-34.406611940661</latitude><longitude>19.254089825409</longitude><altitude>0</altitude><altitudeMode>relativeToGround</altitudeMode><heading>-27.360227682515</heading><tilt>75</tilt><range>70</range></LookAt></gx:FlyTo><gx:Wait><gx:duration>2</gx:duration></gx:Wait><gx:FlyTo><gx:duration>5</gx:duration><gx:flyToMode>smooth</gx:flyToMode><LookAt><latitude>-34.40569844057</latitude><longitude>19.2539953254</longitude><altitude>22</altitude><altitudeMode>relativeToGround</altitudeMode><heading>75.823366080513</heading><tilt>70</tilt><range>90</range></LookAt></gx:FlyTo><gx:Wait><gx:duration>1</gx:duration></gx:Wait><gx:FlyTo><gx:duration>4</gx:duration><gx:flyToMode>smooth</gx:flyToMode><LookAt><latitude>-34.40569844057</latitude><longitude>19.2539953254</longitude><altitude>14</altitude><altitudeMode>relativeToGround</altitudeMode><heading>75.823366080513</heading><tilt>74</tilt><range>60</range></LookAt></gx:FlyTo><gx:Wait><gx:duration>2</gx:duration></gx:Wait><gx:FlyTo><gx:duration>4</gx:duration><gx:flyToMode>smooth</gx:flyToMode><LookAt><latitude>-34.405114340511</latitude><longitude>19.25679792568</longitude><altitude>11</altitude><altitudeMode>relativeToGround</altitudeMode><heading>68.731770693089</heading><tilt>75</tilt><range>45</range></LookAt></gx:FlyTo><gx:Wait><gx:duration>2</gx:duration></gx:Wait><gx:FlyTo><gx:duration>4</gx:duration><gx:flyToMode>smooth</gx:flyToMode><LookAt><latitude>-34.404592340459</latitude><longitude>19.258423325842</longitude><altitude>7.5044806663003</altitude><altitudeMode>relativeToGround</altitudeMode><heading>47.790860915802</heading><tilt>75</tilt><range>52.944362122045</range></LookAt></gx:FlyTo><gx:Wait><gx:duration>2</gx:duration></gx:Wait><gx:FlyTo><gx:duration>4</gx:duration><gx:flyToMode>smooth</gx:flyToMode><LookAt><latitude>-34.404180140418</latitude><longitude>19.258974125897</longitude><altitude>0</altitude><altitudeMode>relativeToGround</altitudeMode><heading>47.790860915802</heading><tilt>75</tilt><range>70</range></LookAt></gx:FlyTo><gx:Wait><gx:duration>2</gx:duration></gx:Wait><gx:FlyTo><gx:duration>5</gx:duration><gx:flyToMode>smooth</gx:flyToMode><LookAt><latitude>-34.40370044037</latitude><longitude>19.259454725945</longitude><altitude>22</altitude><altitudeMode>relativeToGround</altitudeMode><heading>50.5316410952</heading><tilt>70</tilt><range>90</range></LookAt></gx:FlyTo><gx:Wait><gx:duration>1</gx:duration></gx:Wait><gx:FlyTo><gx:duration>4</gx:duration><gx:flyToMode>smooth</gx:flyToMode><LookAt><latitude>-34.40370044037</latitude><longitude>19.259454725945</longitude><altitude>14</altitude><altitudeMode>relativeToGround</altitudeMode><heading>50.5316410952</heading><tilt>74</tilt><range>60</range></LookAt></gx:FlyTo><gx:Wait><gx:duration>2</gx:duration></gx:Wait><gx:FlyTo><gx:duration>4</gx:duration><gx:flyToMode>smooth</gx:flyToMode><LookAt><latitude>-34.402289240229</latitude><longitude>19.261531926153</longitude><altitude>11</altitude><altitudeMode>relativeToGround</altitudeMode><heading>52.137732576261</heading><tilt>75</tilt><range>45</range></LookAt></gx:FlyTo><gx:Wait><gx:duration>2</gx:duration></gx:Wait><gx:FlyTo><gx:duration>4</gx:duration><gx:flyToMode>smooth</gx:flyToMode><LookAt><latitude>-34.40129744013</latitude><longitude>19.263078126308</longitude><altitude>0</altitude><altitudeMode>relativeToGround</altitudeMode><heading>52.137732576261</heading><tilt>75</tilt><range>70</range></LookAt></gx:FlyTo><gx:Wait><gx:duration>2</gx:duration></gx:Wait><gx:FlyTo><gx:duration>5</gx:duration><gx:flyToMode>smooth</gx:flyToMode><LookAt><latitude>-34.401033740103</latitude><longitude>19.264155426416</longitude><altitude>22</altitude><altitudeMode>relativeToGround</altitudeMode><heading>87.898551915439</heading><tilt>70</tilt><range>90</range></LookAt></gx:FlyTo><gx:Wait><gx:duration>1</gx:duration></gx:Wait><gx:FlyTo><gx:duration>4</gx:duration><gx:flyToMode>smooth</gx:flyToMode><LookAt><latitude>-34.401033740103</latitude><longitude>19.264155426416</longitude><altitude>14</altitude><altitudeMode>relativeToGround</altitudeMode><heading>87.898551915439</heading><tilt>74</tilt><range>60</range></LookAt></gx:FlyTo><gx:Wait><gx:duration>2</gx:duration></gx:Wait><gx:FlyTo><gx:duration>4</gx:duration><gx:flyToMode>smooth</gx:flyToMode><LookAt><latitude>-34.400972540097</latitude><longitude>19.266176826618</longitude><altitude>0</altitude><altitudeMode>relativeToGround</altitudeMode><heading>87.898551915439</heading><tilt>75</tilt><range>70</range></LookAt></gx:FlyTo><gx:Wait><gx:duration>2</gx:duration></gx:Wait><gx:FlyTo><gx:duration>5</gx:duration><gx:flyToMode>smooth</gx:flyToMode><LookAt><latitude>-34.400554940055</latitude><longitude>19.266626826663</longitude><altitude>22</altitude><altitudeMode>relativeToGround</altitudeMode><heading>-89.780044358686</heading><tilt>70</tilt><range>90</range></LookAt></gx:FlyTo><gx:Wait><gx:duration>1</gx:duration></gx:Wait><gx:FlyTo><gx:duration>4</gx:duration><gx:flyToMode>smooth</gx:flyToMode><LookAt><latitude>-34.400554940055</latitude><longitude>19.266626826663</longitude><altitude>14</altitude><altitudeMode>relativeToGround</altitudeMode><heading>-89.780044358686</heading><tilt>74</tilt><range>60</range></LookAt></gx:FlyTo><gx:Wait><gx:duration>2</gx:duration></gx:Wait><gx:FlyTo><gx:duration>4</gx:duration><gx:flyToMode>smooth</gx:flyToMode><LookAt><latitude>-34.400545940055</latitude><longitude>19.263785526379</longitude><altitude>11</altitude><altitudeMode>relativeToGround</altitudeMode><heading>-105.36488786931</heading><tilt>75</tilt><range>45</range></LookAt></gx:FlyTo><gx:Wait><gx:duration>2</gx:duration></gx:Wait><gx:FlyTo><gx:duration>4</gx:duration><gx:flyToMode>smooth</gx:flyToMode><LookAt><latitude>-34.400852840085</latitude><longitude>19.262431926243</longitude><altitude>0</altitude><altitudeMode>relativeToGround</altitudeMode><heading>-105.36488786931</heading><tilt>75</tilt><range>70</range></LookAt></gx:FlyTo><gx:Wait><gx:duration>2</gx:duration></gx:Wait><gx:FlyTo><gx:duration>5</gx:duration><gx:flyToMode>smooth</gx:flyToMode><LookAt><latitude>-34.401069740107</latitude><longitude>19.261989126199</longitude><altitude>22</altitude><altitudeMode>relativeToGround</altitudeMode><heading>-131.44801750255</heading><tilt>70</tilt><range>90</range></LookAt></gx:FlyTo><gx:Wait><gx:duration>1</gx:duration></gx:Wait><gx:FlyTo><gx:duration>4</gx:duration><gx:flyToMode>smooth</gx:flyToMode><LookAt><latitude>-34.401069740107</latitude><longitude>19.261989126199</longitude><altitude>14</altitude><altitudeMode>relativeToGround</altitudeMode><heading>-131.44801750255</heading><tilt>74</tilt><range>60</range></LookAt></gx:FlyTo><gx:Wait><gx:duration>2</gx:duration></gx:Wait><gx:FlyTo><gx:duration>4</gx:duration><gx:flyToMode>smooth</gx:flyToMode><LookAt><latitude>-34.402621340262</latitude><longitude>19.259859725986</longitude><altitude>11</altitude><altitudeMode>relativeToGround</altitudeMode><heading>-131.05237126929</heading><tilt>75</tilt><range>45</range></LookAt></gx:FlyTo><gx:Wait><gx:duration>2</gx:duration></gx:Wait><gx:FlyTo><gx:duration>4</gx:duration><gx:flyToMode>smooth</gx:flyToMode><LookAt><latitude>-34.40370134037</latitude><longitude>19.258356725836</longitude><altitude>6.5730822862054</altitude><altitudeMode>relativeToGround</altitudeMode><heading>-126.59912294802</heading><tilt>75</tilt><range>55.06117662226</range></LookAt></gx:FlyTo><gx:Wait><gx:duration>2</gx:duration></gx:Wait><gx:FlyTo><gx:duration>4</gx:duration><gx:flyToMode>smooth</gx:flyToMode><LookAt><latitude>-34.404021740402</latitude><longitude>19.257833825783</longitude><altitude>0</altitude><altitudeMode>relativeToGround</altitudeMode><heading>-126.59912294802</heading><tilt>75</tilt><range>70</range></LookAt></gx:FlyTo><gx:Wait><gx:duration>2</gx:duration></gx:Wait><gx:FlyTo><gx:duration>5</gx:duration><gx:flyToMode>smooth</gx:flyToMode><LookAt><latitude>-34.403735540374</latitude><longitude>19.257113825711</longitude><altitude>22</altitude><altitudeMode>relativeToGround</altitudeMode><heading>-117.97792513015</heading><tilt>70</tilt><range>90</range></LookAt></gx:FlyTo><gx:Wait><gx:duration>1</gx:duration></gx:Wait><gx:FlyTo><gx:duration>4</gx:duration><gx:flyToMode>smooth</gx:flyToMode><LookAt><latitude>-34.403735540374</latitude><longitude>19.257113825711</longitude><altitude>14</altitude><altitudeMode>relativeToGround</altitudeMode><heading>-117.97792513015</heading><tilt>74</tilt><range>60</range></LookAt></gx:FlyTo><gx:Wait><gx:duration>2</gx:duration></gx:Wait><gx:FlyTo><gx:duration>4</gx:duration><gx:flyToMode>smooth</gx:flyToMode><LookAt><latitude>-34.404854240485</latitude><longitude>19.254561425456</longitude><altitude>11</altitude><altitudeMode>relativeToGround</altitudeMode><heading>-124.32487303353</heading><tilt>75</tilt><range>45</range></LookAt></gx:FlyTo><gx:Wait><gx:duration>2</gx:duration></gx:Wait><gx:FlyTo><gx:duration>4</gx:duration><gx:flyToMode>smooth</gx:flyToMode><LookAt><latitude>-34.405490540549</latitude><longitude>19.253431925343</longitude><altitude>0</altitude><altitudeMode>relativeToGround</altitudeMode><heading>-124.32487303353</heading><tilt>75</tilt><range>70</range></LookAt></gx:FlyTo><gx:Wait><gx:duration>2</gx:duration></gx:Wait><gx:FlyTo><gx:duration>5</gx:duration><gx:flyToMode>smooth</gx:flyToMode><LookAt><latitude>-34.406617340662</latitude><longitude>19.253018825302</longitude><altitude>22</altitude><altitudeMode>relativeToGround</altitudeMode><heading>-163.48775878922</heading><tilt>70</tilt><range>90</range></LookAt></gx:FlyTo><gx:Wait><gx:duration>1</gx:duration></gx:Wait><gx:FlyTo><gx:duration>4</gx:duration><gx:flyToMode>smooth</gx:flyToMode><LookAt><latitude>-34.406617340662</latitude><longitude>19.253018825302</longitude><altitude>14</altitude><altitudeMode>relativeToGround</altitudeMode><heading>-163.48775878922</heading><tilt>74</tilt><range>60</range></LookAt></gx:FlyTo><gx:Wait><gx:duration>2</gx:duration></gx:Wait><gx:FlyTo><gx:duration>4</gx:duration><gx:flyToMode>smooth</gx:flyToMode><LookAt><latitude>-34.40890424089</latitude><longitude>19.25219712522</longitude><altitude>11</altitude><altitudeMode>relativeToGround</altitudeMode><heading>-170.70059838015</heading><tilt>75</tilt><range>45</range></LookAt></gx:FlyTo><gx:Wait><gx:duration>2</gx:duration></gx:Wait><gx:FlyTo><gx:duration>4</gx:duration><gx:flyToMode>smooth</gx:flyToMode><LookAt><latitude>-34.409847440985</latitude><longitude>19.252009925201</longitude><altitude>0</altitude><altitudeMode>relativeToGround</altitudeMode><heading>-170.70059838015</heading><tilt>75</tilt><range>70</range></LookAt></gx:FlyTo><gx:Wait><gx:duration>2</gx:duration></gx:Wait><gx:FlyTo><gx:duration>5</gx:duration><gx:flyToMode>smooth</gx:flyToMode><LookAt><latitude>-34.410047241005</latitude><longitude>19.252535525254</longitude><altitude>22</altitude><altitudeMode>relativeToGround</altitudeMode><heading>84.20001174452</heading><tilt>70</tilt><range>90</range></LookAt></gx:FlyTo><gx:Wait><gx:duration>1</gx:duration></gx:Wait><gx:FlyTo><gx:duration>4</gx:duration><gx:flyToMode>smooth</gx:flyToMode><LookAt><latitude>-34.410047241005</latitude><longitude>19.252535525254</longitude><altitude>14</altitude><altitudeMode>relativeToGround</altitudeMode><heading>84.20001174452</heading><tilt>74</tilt><range>60</range></LookAt></gx:FlyTo><gx:Wait><gx:duration>2</gx:duration></gx:Wait><gx:FlyTo><gx:duration>4</gx:duration><gx:flyToMode>smooth</gx:flyToMode><LookAt><latitude>-34.40989964099</latitude><longitude>19.25429682543</longitude><altitude>0</altitude><altitudeMode>relativeToGround</altitudeMode><heading>84.20001174452</heading><tilt>75</tilt><range>70</range></LookAt></gx:FlyTo><gx:Wait><gx:duration>2</gx:duration></gx:Wait><gx:FlyTo><gx:duration>5</gx:duration><gx:flyToMode>smooth</gx:flyToMode><LookAt><latitude>-34.41010124101</latitude><longitude>19.25469822547</longitude><altitude>22</altitude><altitudeMode>relativeToGround</altitudeMode><heading>27.856018443784</heading><tilt>70</tilt><range>90</range></LookAt></gx:FlyTo><gx:Wait><gx:duration>1</gx:duration></gx:Wait><gx:FlyTo><gx:duration>4</gx:duration><gx:flyToMode>smooth</gx:flyToMode><LookAt><latitude>-34.41010124101</latitude><longitude>19.25469822547</longitude><altitude>14</altitude><altitudeMode>relativeToGround</altitudeMode><heading>27.856018443784</heading><tilt>74</tilt><range>60</range></LookAt></gx:FlyTo><gx:Wait><gx:duration>2</gx:duration></gx:Wait><gx:FlyTo><gx:duration>4</gx:duration><gx:flyToMode>smooth</gx:flyToMode><LookAt><latitude>-34.408065440807</latitude><longitude>19.2560023256</longitude><altitude>11</altitude><altitudeMode>relativeToGround</altitudeMode><heading>54.477846986284</heading><tilt>75</tilt><range>45</range></LookAt></gx:FlyTo><gx:Wait><gx:duration>2</gx:duration></gx:Wait><gx:FlyTo><gx:duration>4</gx:duration><gx:flyToMode>smooth</gx:flyToMode><LookAt><latitude>-34.407430940743</latitude><longitude>19.257079625708</longitude><altitude>0</altitude><altitudeMode>relativeToGround</altitudeMode><heading>54.477846986284</heading><tilt>75</tilt><range>70</range></LookAt></gx:FlyTo><gx:Wait><gx:duration>2</gx:duration></gx:Wait><gx:FlyTo><gx:duration>5</gx:duration><gx:flyToMode>smooth</gx:flyToMode><LookAt><latitude>-34.407223040722</latitude><longitude>19.256573825657</longitude><altitude>22</altitude><altitudeMode>relativeToGround</altitudeMode><heading>46.823685566623</heading><tilt>70</tilt><range>90</range></LookAt></gx:FlyTo><gx:Wait><gx:duration>1</gx:duration></gx:Wait><gx:FlyTo><gx:duration>4</gx:duration><gx:flyToMode>smooth</gx:flyToMode><LookAt><latitude>-34.407223040722</latitude><longitude>19.256573825657</longitude><altitude>14</altitude><altitudeMode>relativeToGround</altitudeMode><heading>46.823685566623</heading><tilt>74</tilt><range>60</range></LookAt></gx:FlyTo><gx:Wait><gx:duration>2</gx:duration></gx:Wait><gx:FlyTo><gx:duration>4</gx:duration><gx:flyToMode>smooth</gx:flyToMode><LookAt><latitude>-34.405591340559</latitude><longitude>19.258681625868</longitude><altitude>11</altitude><altitudeMode>relativeToGround</altitudeMode><heading>32.484226093515</heading><tilt>75</tilt><range>45</range></LookAt></gx:FlyTo><gx:Wait><gx:duration>2</gx:duration></gx:Wait><gx:FlyTo><gx:duration>4</gx:duration><gx:flyToMode>smooth</gx:flyToMode><LookAt><latitude>-34.404377240438</latitude><longitude>19.259618525962</longitude><altitude>5.7349411283682</altitude><altitudeMode>relativeToGround</altitudeMode><heading>24.515430198571</heading><tilt>75</tilt><range>56.966042890072</range></LookAt></gx:FlyTo><gx:Wait><gx:duration>2</gx:duration></gx:Wait><gx:FlyTo><gx:duration>4</gx:duration><gx:flyToMode>smooth</gx:flyToMode><LookAt><latitude>-34.403950640395</latitude><longitude>19.259854325985</longitude><altitude>0</altitude><altitudeMode>relativeToGround</altitudeMode><heading>24.515430198571</heading><tilt>75</tilt><range>70</range></LookAt></gx:FlyTo><gx:Wait><gx:duration>2</gx:duration></gx:Wait><gx:FlyTo><gx:duration>5</gx:duration><gx:flyToMode>smooth</gx:flyToMode><LookAt><latitude>-34.40360234036</latitude><longitude>19.260454626045</longitude><altitude>22</altitude><altitudeMode>relativeToGround</altitudeMode><heading>53.746538077989</heading><tilt>70</tilt><range>90</range></LookAt></gx:FlyTo><gx:Wait><gx:duration>1</gx:duration></gx:Wait><gx:FlyTo><gx:duration>4</gx:duration><gx:flyToMode>smooth</gx:flyToMode><LookAt><latitude>-34.40360234036</latitude><longitude>19.260454626045</longitude><altitude>14</altitude><altitudeMode>relativeToGround</altitudeMode><heading>53.746538077989</heading><tilt>74</tilt><range>60</range></LookAt></gx:FlyTo><gx:Wait><gx:duration>2</gx:duration></gx:Wait><gx:FlyTo><gx:duration>4</gx:duration><gx:flyToMode>smooth</gx:flyToMode><LookAt><latitude>-34.402264940226</latitude><longitude>19.262665026267</longitude><altitude>11</altitude><altitudeMode>relativeToGround</altitudeMode><heading>38.785689550831</heading><tilt>75</tilt><range>45</range></LookAt></gx:FlyTo><gx:Wait><gx:duration>2</gx:duration></gx:Wait><gx:FlyTo><gx:duration>4</gx:duration><gx:flyToMode>smooth</gx:flyToMode><LookAt><latitude>-34.40150444015</latitude><longitude>19.263405726341</longitude><altitude>0</altitude><altitudeMode>relativeToGround</altitudeMode><heading>38.785689550831</heading><tilt>75</tilt><range>70</range></LookAt></gx:FlyTo><gx:Wait><gx:duration>2</gx:duration></gx:Wait><gx:FlyTo><gx:duration>5</gx:duration><gx:flyToMode>smooth</gx:flyToMode><LookAt><latitude>-34.401145340115</latitude><longitude>19.263777426378</longitude><altitude>22</altitude><altitudeMode>relativeToGround</altitudeMode><heading>167.25131959811</heading><tilt>70</tilt><range>90</range></LookAt></gx:FlyTo><gx:Wait><gx:duration>1</gx:duration></gx:Wait><gx:FlyTo><gx:duration>4</gx:duration><gx:flyToMode>smooth</gx:flyToMode><LookAt><latitude>-34.401145340115</latitude><longitude>19.263777426378</longitude><altitude>14</altitude><altitudeMode>relativeToGround</altitudeMode><heading>167.25131959811</heading><tilt>74</tilt><range>60</range></LookAt></gx:FlyTo><gx:Wait><gx:duration>2</gx:duration></gx:Wait><gx:FlyTo><gx:duration>4</gx:duration><gx:flyToMode>smooth</gx:flyToMode><LookAt><latitude>-34.402743740274</latitude><longitude>19.264215726422</longitude><altitude>0</altitude><altitudeMode>relativeToGround</altitudeMode><heading>167.25131959811</heading><tilt>75</tilt><range>70</range></LookAt></gx:FlyTo><gx:Wait><gx:duration>2</gx:duration></gx:Wait><gx:FlyTo><gx:duration>5</gx:duration><gx:flyToMode>smooth</gx:flyToMode><LookAt><latitude>-34.403372840337</latitude><longitude>19.264626126463</longitude><altitude>22</altitude><altitudeMode>relativeToGround</altitudeMode><heading>154.66374631588</heading><tilt>70</tilt><range>90</range></LookAt></gx:FlyTo><gx:Wait><gx:duration>1</gx:duration></gx:Wait><gx:FlyTo><gx:duration>4</gx:duration><gx:flyToMode>smooth</gx:flyToMode><LookAt><latitude>-34.403372840337</latitude><longitude>19.264626126463</longitude><altitude>14</altitude><altitudeMode>relativeToGround</altitudeMode><heading>154.66374631588</heading><tilt>74</tilt><range>60</range></LookAt></gx:FlyTo><gx:Wait><gx:duration>2</gx:duration></gx:Wait><gx:FlyTo><gx:duration>4</gx:duration><gx:flyToMode>smooth</gx:flyToMode><LookAt><latitude>-34.405231340523</latitude><longitude>19.265692626569</longitude><altitude>11</altitude><altitudeMode>relativeToGround</altitudeMode><heading>156.19154863225</heading><tilt>75</tilt><range>45</range></LookAt></gx:FlyTo><gx:Wait><gx:duration>2</gx:duration></gx:Wait><gx:FlyTo><gx:duration>4</gx:duration><gx:flyToMode>smooth</gx:flyToMode><LookAt><latitude>-34.406059340606</latitude><longitude>19.266135426614</longitude><altitude>0</altitude><altitudeMode>relativeToGround</altitudeMode><heading>156.19154863225</heading><tilt>75</tilt><range>70</range></LookAt></gx:FlyTo><gx:Wait><gx:duration>2</gx:duration></gx:Wait><gx:FlyTo><gx:duration>5</gx:duration><gx:flyToMode>smooth</gx:flyToMode><LookAt><latitude>-34.406043140604</latitude><longitude>19.265353326535</longitude><altitude>22</altitude><altitudeMode>relativeToGround</altitudeMode><heading>-109.7807815967</heading><tilt>70</tilt><range>90</range></LookAt></gx:FlyTo><gx:Wait><gx:duration>1</gx:duration></gx:Wait><gx:FlyTo><gx:duration>4</gx:duration><gx:flyToMode>smooth</gx:flyToMode><LookAt><latitude>-34.406043140604</latitude><longitude>19.265353326535</longitude><altitude>14</altitude><altitudeMode>relativeToGround</altitudeMode><heading>-109.7807815967</heading><tilt>74</tilt><range>60</range></LookAt></gx:FlyTo><gx:Wait><gx:duration>2</gx:duration></gx:Wait><gx:FlyTo><gx:duration>4</gx:duration><gx:flyToMode>smooth</gx:flyToMode><LookAt><latitude>-34.406850440685</latitude><longitude>19.262632626263</longitude><altitude>11</altitude><altitudeMode>relativeToGround</altitudeMode><heading>-119.12485066856</heading><tilt>75</tilt><range>45</range></LookAt></gx:FlyTo><gx:Wait><gx:duration>2</gx:duration></gx:Wait><gx:FlyTo><gx:duration>4</gx:duration><gx:flyToMode>smooth</gx:flyToMode><LookAt><latitude>-34.40739944074</latitude><longitude>19.261438326144</longitude><altitude>0</altitude><altitudeMode>relativeToGround</altitudeMode><heading>-119.12485066856</heading><tilt>75</tilt><range>70</range></LookAt></gx:FlyTo><gx:Wait><gx:duration>2</gx:duration></gx:Wait><gx:FlyTo><gx:duration>5</gx:duration><gx:flyToMode>smooth</gx:flyToMode><LookAt><latitude>-34.407364340736</latitude><longitude>19.26080382608</longitude><altitude>22</altitude><altitudeMode>relativeToGround</altitudeMode><heading>46.827338756367</heading><tilt>70</tilt><range>90</range></LookAt></gx:FlyTo><gx:Wait><gx:duration>1</gx:duration></gx:Wait><gx:FlyTo><gx:duration>4</gx:duration><gx:flyToMode>smooth</gx:flyToMode><LookAt><latitude>-34.407364340736</latitude><longitude>19.26080382608</longitude><altitude>14</altitude><altitudeMode>relativeToGround</altitudeMode><heading>46.827338756367</heading><tilt>74</tilt><range>60</range></LookAt></gx:FlyTo><gx:Wait><gx:duration>2</gx:duration></gx:Wait><gx:FlyTo><gx:duration>4</gx:duration><gx:flyToMode>smooth</gx:flyToMode><LookAt><latitude>-34.406168240617</latitude><longitude>19.262349126235</longitude><altitude>0</altitude><altitudeMode>relativeToGround</altitudeMode><heading>46.827338756367</heading><tilt>75</tilt><range>70</range></LookAt></gx:FlyTo><gx:Wait><gx:duration>2</gx:duration></gx:Wait><gx:FlyTo><gx:duration>5</gx:duration><gx:flyToMode>smooth</gx:flyToMode><LookAt><latitude>-34.405777640578</latitude><longitude>19.262717226272</longitude><altitude>22</altitude><altitudeMode>relativeToGround</altitudeMode><heading>-93.375182388892</heading><tilt>70</tilt><range>90</range></LookAt></gx:FlyTo><gx:Wait><gx:duration>1</gx:duration></gx:Wait><gx:FlyTo><gx:duration>4</gx:duration><gx:flyToMode>smooth</gx:flyToMode><LookAt><latitude>-34.405777640578</latitude><longitude>19.262717226272</longitude><altitude>14</altitude><altitudeMode>relativeToGround</altitudeMode><heading>-93.375182388892</heading><tilt>74</tilt><range>60</range></LookAt></gx:FlyTo><gx:Wait><gx:duration>2</gx:duration></gx:Wait><gx:FlyTo><gx:duration>4</gx:duration><gx:flyToMode>smooth</gx:flyToMode><LookAt><latitude>-34.405918040592</latitude><longitude>19.259831825983</longitude><altitude>11</altitude><altitudeMode>relativeToGround</altitudeMode><heading>-121.55369415976</heading><tilt>75</tilt><range>45</range></LookAt></gx:FlyTo><gx:Wait><gx:duration>2</gx:duration></gx:Wait><gx:FlyTo><gx:duration>4</gx:duration><gx:flyToMode>smooth</gx:flyToMode><LookAt><latitude>-34.406671340667</latitude><longitude>19.258345025835</longitude><altitude>7.5114249043543</altitude><altitudeMode>relativeToGround</altitudeMode><heading>-142.45335819714</heading><tilt>75</tilt><range>52.928579762831</range></LookAt></gx:FlyTo><gx:Wait><gx:duration>2</gx:duration></gx:Wait><gx:FlyTo><gx:duration>4</gx:duration><gx:flyToMode>smooth</gx:flyToMode><LookAt><latitude>-34.407158240716</latitude><longitude>19.257891425789</longitude><altitude>0</altitude><altitudeMode>relativeToGround</altitudeMode><heading>-142.45335819714</heading><tilt>75</tilt><range>70</range></LookAt></gx:FlyTo><gx:Wait><gx:duration>2</gx:duration></gx:Wait><gx:FlyTo><gx:duration>5</gx:duration><gx:flyToMode>smooth</gx:flyToMode><LookAt><latitude>-34.407492140749</latitude><longitude>19.257642125764</longitude><altitude>22</altitude><altitudeMode>relativeToGround</altitudeMode><heading>-139.57234632045</heading><tilt>70</tilt><range>90</range></LookAt></gx:FlyTo><gx:Wait><gx:duration>1</gx:duration></gx:Wait><gx:FlyTo><gx:duration>4</gx:duration><gx:flyToMode>smooth</gx:flyToMode><LookAt><latitude>-34.407492140749</latitude><longitude>19.257642125764</longitude><altitude>14</altitude><altitudeMode>relativeToGround</altitudeMode><heading>-139.57234632045</heading><tilt>74</tilt><range>60</range></LookAt></gx:FlyTo><gx:Wait><gx:duration>2</gx:duration></gx:Wait><gx:FlyTo><gx:duration>4</gx:duration><gx:flyToMode>smooth</gx:flyToMode><LookAt><latitude>-34.409150840915</latitude><longitude>19.255929425593</longitude><altitude>8.0154162873739</altitude><altitudeMode>relativeToGround</altitudeMode><heading>-145.49072302647</heading><tilt>75</tilt><range>51.783144801423</range></LookAt></gx:FlyTo><gx:Wait><gx:duration>2</gx:duration></gx:Wait><gx:FlyTo><gx:duration>4</gx:duration><gx:flyToMode>smooth</gx:flyToMode><LookAt><latitude>-34.409690840969</latitude><longitude>19.255479425548</longitude><altitude>0</altitude><altitudeMode>relativeToGround</altitudeMode><heading>-145.49072302647</heading><tilt>75</tilt><range>70</range></LookAt></gx:FlyTo><gx:Wait><gx:duration>2</gx:duration></gx:Wait><gx:Wait><gx:duration>2</gx:duration></gx:Wait><gx:FlyTo><gx:duration>5</gx:duration><gx:flyToMode>bounce</gx:flyToMode><LookAt><latitude>-34.406282720628</latitude><longitude>19.259318375932</longitude><altitude>0</altitude><altitudeMode>relativeToGround</altitudeMode><heading>0</heading><tilt>65</tilt><range>2000</range></LookAt></gx:FlyTo><gx:Wait><gx:duration>5</gx:duration></gx:Wait></gx:Playlist></gx:Tour><gx:Tour><name>Hole 1 - Par 4 - 374 yards</name><gx:Playlist><gx:FlyTo><gx:duration>5</gx:duration><gx:flyToMode>smooth</gx:flyToMode><LookAt><latitude>-34.40949644095</latitude><longitude>19.253940425394</longitude><altitude>22</altitude><altitudeMode>relativeToGround</altitudeMode><heading>15.819949743962</heading><tilt>70</tilt><range>90</range></LookAt></gx:FlyTo><gx:Wait><gx:duration>1</gx:duration></gx:Wait><gx:FlyTo><gx:duration>4</gx:duration><gx:flyToMode>smooth</gx:flyToMode><LookAt><latitude>-34.40949644095</latitude><longitude>19.253940425394</longitude><altitude>14</altitude><altitudeMode>relativeToGround</altitudeMode><heading>15.819949743962</heading><tilt>74</tilt><range>60</range></LookAt></gx:FlyTo><gx:Wait><gx:duration>2</gx:duration></gx:Wait><gx:FlyTo><gx:duration>4</gx:duration><gx:flyToMode>smooth</gx:flyToMode><LookAt><latitude>-34.407478640748</latitude><longitude>19.254633425463</longitude><altitude>11</altitude><altitudeMode>relativeToGround</altitudeMode><heading>-27.360227682515</heading><tilt>75</tilt><range>45</range></LookAt></gx:FlyTo><gx:Wait><gx:duration>2</gx:duration></gx:Wait><gx:FlyTo><gx:duration>4</gx:duration><gx:flyToMode>smooth</gx:flyToMode><LookAt><latitude>-34.406611940661</latitude><longitude>19.254089825409</longitude><altitude>0</altitude><altitudeMode>relativeToGround</altitudeMode><heading>-27.360227682515</heading><tilt>75</tilt><range>70</range></LookAt></gx:FlyTo><gx:Wait><gx:duration>2</gx:duration></gx:Wait><gx:FlyTo><gx:duration>5</gx:duration><gx:flyToMode>smooth</gx:flyToMode><LookAt><latitude>-34.406611940661</latitude><longitude>19.254089825409</longitude><altitude>0</altitude><altitudeMode>relativeToGround</altitudeMode><heading>242.63977231748</heading><tilt>75</tilt><range>60</range></LookAt></gx:FlyTo><gx:Wait><gx:duration>2</gx:duration></gx:Wait><gx:FlyTo><gx:duration>5</gx:duration><gx:flyToMode>smooth</gx:flyToMode><LookAt><latitude>-34.406611940661</latitude><longitude>19.254089825409</longitude><altitude>0</altitude><altitudeMode>relativeToGround</altitudeMode><heading>152.63977231748</heading><tilt>75</tilt><range>60</range></LookAt></gx:FlyTo><gx:Wait><gx:duration>2</gx:duration></gx:Wait><gx:FlyTo><gx:duration>5</gx:duration><gx:flyToMode>smooth</gx:flyToMode><LookAt><latitude>-34.406611940661</latitude><longitude>19.254089825409</longitude><altitude>0</altitude><altitudeMode>relativeToGround</altitudeMode><heading>62.639772317485</heading><tilt>75</tilt><range>60</range></LookAt></gx:FlyTo><gx:Wait><gx:duration>2</gx:duration></gx:Wait><gx:FlyTo><gx:duration>5</gx:duration><gx:flyToMode>smooth</gx:flyToMode><LookAt><latitude>-34.40949644095</latitude><longitude>19.253940425394</longitude><altitude>22</altitude><altitudeMode>relativeToGround</altitudeMode><heading>15.819949743962</heading><tilt>70</tilt><range>90</range></LookAt></gx:FlyTo><gx:Wait><gx:duration>5</gx:duration></gx:Wait></gx:Playlist></gx:Tour><gx:Tour><name>Hole 2 - Par 5 - 540 yards</name><gx:Playlist><gx:FlyTo><gx:duration>5</gx:duration><gx:flyToMode>smooth</gx:flyToMode><LookAt><latitude>-34.40569844057</latitude><longitude>19.2539953254</longitude><altitude>22</altitude><altitudeMode>relativeToGround</altitudeMode><heading>75.823366080513</heading><tilt>70</tilt><range>90</range></LookAt></gx:FlyTo><gx:Wait><gx:duration>1</gx:duration></gx:Wait><gx:FlyTo><gx:duration>4</gx:duration><gx:flyToMode>smooth</gx:flyToMode><LookAt><latitude>-34.40569844057</latitude><longitude>19.2539953254</longitude><altitude>14</altitude><altitudeMode>relativeToGround</altitudeMode><heading>75.823366080513</heading><tilt>74</tilt><range>60</range></LookAt></gx:FlyTo><gx:Wait><gx:duration>2</gx:duration></gx:Wait><gx:FlyTo><gx:duration>4</gx:duration><gx:flyToMode>smooth</gx:flyToMode><LookAt><latitude>-34.405114340511</latitude><longitude>19.25679792568</longitude><altitude>11</altitude><altitudeMode>relativeToGround</altitudeMode><heading>68.731770693089</heading><tilt>75</tilt><range>45</range></LookAt></gx:FlyTo><gx:Wait><gx:duration>2</gx:duration></gx:Wait><gx:FlyTo><gx:duration>4</gx:duration><gx:flyToMode>smooth</gx:flyToMode><LookAt><latitude>-34.404592340459</latitude><longitude>19.258423325842</longitude><altitude>7.5044806663003</altitude><altitudeMode>relativeToGround</altitudeMode><heading>47.790860915802</heading><tilt>75</tilt><range>52.944362122045</range></LookAt></gx:FlyTo><gx:Wait><gx:duration>2</gx:duration></gx:Wait><gx:FlyTo><gx:duration>4</gx:duration><gx:flyToMode>smooth</gx:flyToMode><LookAt><latitude>-34.404180140418</latitude><longitude>19.258974125897</longitude><altitude>0</altitude><altitudeMode>relativeToGround</altitudeMode><heading>47.790860915802</heading><tilt>75</tilt><range>70</range></LookAt></gx:FlyTo><gx:Wait><gx:duration>2</gx:duration></gx:Wait><gx:FlyTo><gx:duration>5</gx:duration><gx:flyToMode>smooth</gx:flyToMode><LookAt><latitude>-34.404180140418</latitude><longitude>19.258974125897</longitude><altitude>0</altitude><altitudeMode>relativeToGround</altitudeMode><heading>317.7908609158</heading><tilt>75</tilt><range>60</range></LookAt></gx:FlyTo><gx:Wait><gx:duration>2</gx:duration></gx:Wait><gx:FlyTo><gx:duration>5</gx:duration><gx:flyToMode>smooth</gx:flyToMode><LookAt><latitude>-34.404180140418</latitude><longitude>19.258974125897</longitude><altitude>0</altitude><altitudeMode>relativeToGround</altitudeMode><heading>227.7908609158</heading><tilt>75</tilt><range>60</range></LookAt></gx:FlyTo><gx:Wait><gx:duration>2</gx:duration></gx:Wait><gx:FlyTo><gx:duration>5</gx:duration><gx:flyToMode>smooth</gx:flyToMode><LookAt><latitude>-34.404180140418</latitude><longitude>19.258974125897</longitude><altitude>0</altitude><altitudeMode>relativeToGround</altitudeMode><heading>137.7908609158</heading><tilt>75</tilt><range>60</range></LookAt></gx:FlyTo><gx:Wait><gx:duration>2</gx:duration></gx:Wait><gx:FlyTo><gx:duration>5</gx:duration><gx:flyToMode>smooth</gx:flyToMode><LookAt><latitude>-34.40569844057</latitude><longitude>19.2539953254</longitude><altitude>22</altitude><altitudeMode>relativeToGround</altitudeMode><heading>75.823366080513</heading><tilt>70</tilt><range>90</range></LookAt></gx:FlyTo><gx:Wait><gx:duration>5</gx:duration></gx:Wait></gx:Playlist></gx:Tour><gx:Tour><name>Hole 3 - Par 4 - 466 yards</name><gx:Playlist><gx:FlyTo><gx:duration>5</gx:duration><gx:flyToMode>smooth</gx:flyToMode><LookAt><latitude>-34.40370044037</latitude><longitude>19.259454725945</longitude><altitude>22</altitude><altitudeMode>relativeToGround</altitudeMode><heading>50.5316410952</heading><tilt>70</tilt><range>90</range></LookAt></gx:FlyTo><gx:Wait><gx:duration>1</gx:duration></gx:Wait><gx:FlyTo><gx:duration>4</gx:duration><gx:flyToMode>smooth</gx:flyToMode><LookAt><latitude>-34.40370044037</latitude><longitude>19.259454725945</longitude><altitude>14</altitude><altitudeMode>relativeToGround</altitudeMode><heading>50.5316410952</heading><tilt>74</tilt><range>60</range></LookAt></gx:FlyTo><gx:Wait><gx:duration>2</gx:duration></gx:Wait><gx:FlyTo><gx:duration>4</gx:duration><gx:flyToMode>smooth</gx:flyToMode><LookAt><latitude>-34.402289240229</latitude><longitude>19.261531926153</longitude><altitude>11</altitude><altitudeMode>relativeToGround</altitudeMode><heading>52.137732576261</heading><tilt>75</tilt><range>45</range></LookAt></gx:FlyTo><gx:Wait><gx:duration>2</gx:duration></gx:Wait><gx:FlyTo><gx:duration>4</gx:duration><gx:flyToMode>smooth</gx:flyToMode><LookAt><latitude>-34.40129744013</latitude><longitude>19.263078126308</longitude><altitude>0</altitude><altitudeMode>relativeToGround</altitudeMode><heading>52.137732576261</heading><tilt>75</tilt><range>70</range></LookAt></gx:FlyTo><gx:Wait><gx:duration>2</gx:duration></gx:Wait><gx:FlyTo><gx:duration>5</gx:duration><gx:flyToMode>smooth</gx:flyToMode><LookAt><latitude>-34.40129744013</latitude><longitude>19.263078126308</longitude><altitude>0</altitude><altitudeMode>relativeToGround</altitudeMode><heading>322.13773257626</heading><tilt>75</tilt><range>60</range></LookAt></gx:FlyTo><gx:Wait><gx:duration>2</gx:duration></gx:Wait><gx:FlyTo><gx:duration>5</gx:duration><gx:flyToMode>smooth</gx:flyToMode><LookAt><latitude>-34.40129744013</latitude><longitude>19.263078126308</longitude><altitude>0</altitude><altitudeMode>relativeToGround</altitudeMode><heading>232.13773257626</heading><tilt>75</tilt><range>60</range></LookAt></gx:FlyTo><gx:Wait><gx:duration>2</gx:duration></gx:Wait><gx:FlyTo><gx:duration>5</gx:duration><gx:flyToMode>smooth</gx:flyToMode><LookAt><latitude>-34.40129744013</latitude><longitude>19.263078126308</longitude><altitude>0</altitude><altitudeMode>relativeToGround</altitudeMode><heading>142.13773257626</heading><tilt>75</tilt><range>60</range></LookAt></gx:FlyTo><gx:Wait><gx:duration>2</gx:duration></gx:Wait><gx:FlyTo><gx:duration>5</gx:duration><gx:flyToMode>smooth</gx:flyToMode><LookAt><latitude>-34.40370044037</latitude><longitude>19.259454725945</longitude><altitude>22</altitude><altitudeMode>relativeToGround</altitudeMode><heading>50.5316410952</heading><tilt>70</tilt><range>90</range></LookAt></gx:FlyTo><gx:Wait><gx:duration>5</gx:duration></gx:Wait></gx:Playlist></gx:Tour><gx:Tour><name>Hole 4 - Par 3 - 203 yards</name><gx:Playlist><gx:FlyTo><gx:duration>5</gx:duration><gx:flyToMode>smooth</gx:flyToMode><LookAt><latitude>-34.401033740103</latitude><longitude>19.264155426416</longitude><altitude>22</altitude><altitudeMode>relativeToGround</altitudeMode><heading>87.898551915439</heading><tilt>70</tilt><range>90</range></LookAt></gx:FlyTo><gx:Wait><gx:duration>1</gx:duration></gx:Wait><gx:FlyTo><gx:duration>4</gx:duration><gx:flyToMode>smooth</gx:flyToMode><LookAt><latitude>-34.401033740103</latitude><longitude>19.264155426416</longitude><altitude>14</altitude><altitudeMode>relativeToGround</altitudeMode><heading>87.898551915439</heading><tilt>74</tilt><range>60</range></LookAt></gx:FlyTo><gx:Wait><gx:duration>2</gx:duration></gx:Wait><gx:FlyTo><gx:duration>4</gx:duration><gx:flyToMode>smooth</gx:flyToMode><LookAt><latitude>-34.400972540097</latitude><longitude>19.266176826618</longitude><altitude>0</altitude><altitudeMode>relativeToGround</altitudeMode><heading>87.898551915439</heading><tilt>75</tilt><range>70</range></LookAt></gx:FlyTo><gx:Wait><gx:duration>2</gx:duration></gx:Wait><gx:FlyTo><gx:duration>5</gx:duration><gx:flyToMode>smooth</gx:flyToMode><LookAt><latitude>-34.400972540097</latitude><longitude>19.266176826618</longitude><altitude>0</altitude><altitudeMode>relativeToGround</altitudeMode><heading>357.89855191544</heading><tilt>75</tilt><range>60</range></LookAt></gx:FlyTo><gx:Wait><gx:duration>2</gx:duration></gx:Wait><gx:FlyTo><gx:duration>5</gx:duration><gx:flyToMode>smooth</gx:flyToMode><LookAt><latitude>-34.400972540097</latitude><longitude>19.266176826618</longitude><altitude>0</altitude><altitudeMode>relativeToGround</altitudeMode><heading>267.89855191544</heading><tilt>75</tilt><range>60</range></LookAt></gx:FlyTo><gx:Wait><gx:duration>2</gx:duration></gx:Wait><gx:FlyTo><gx:duration>5</gx:duration><gx:flyToMode>smooth</gx:flyToMode><LookAt><latitude>-34.400972540097</latitude><longitude>19.266176826618</longitude><altitude>0</altitude><altitudeMode>relativeToGround</altitudeMode><heading>177.89855191544</heading><tilt>75</tilt><range>60</range></LookAt></gx:FlyTo><gx:Wait><gx:duration>2</gx:duration></gx:Wait><gx:FlyTo><gx:duration>5</gx:duration><gx:flyToMode>smooth</gx:flyToMode><LookAt><latitude>-34.401033740103</latitude><longitude>19.264155426416</longitude><altitude>22</altitude><altitudeMode>relativeToGround</altitudeMode><heading>87.898551915439</heading><tilt>70</tilt><range>90</range></LookAt></gx:FlyTo><gx:Wait><gx:duration>5</gx:duration></gx:Wait></gx:Playlist></gx:Tour><gx:Tour><name>Hole 5 - Par 4 - 426 yards</name><gx:Playlist><gx:FlyTo><gx:duration>5</gx:duration><gx:flyToMode>smooth</gx:flyToMode><LookAt><latitude>-34.400554940055</latitude><longitude>19.266626826663</longitude><altitude>22</altitude><altitudeMode>relativeToGround</altitudeMode><heading>-89.780044358686</heading><tilt>70</tilt><range>90</range></LookAt></gx:FlyTo><gx:Wait><gx:duration>1</gx:duration></gx:Wait><gx:FlyTo><gx:duration>4</gx:duration><gx:flyToMode>smooth</gx:flyToMode><LookAt><latitude>-34.400554940055</latitude><longitude>19.266626826663</longitude><altitude>14</altitude><altitudeMode>relativeToGround</altitudeMode><heading>-89.780044358686</heading><tilt>74</tilt><range>60</range></LookAt></gx:FlyTo><gx:Wait><gx:duration>2</gx:duration></gx:Wait><gx:FlyTo><gx:duration>4</gx:duration><gx:flyToMode>smooth</gx:flyToMode><LookAt><latitude>-34.400545940055</latitude><longitude>19.263785526379</longitude><altitude>11</altitude><altitudeMode>relativeToGround</altitudeMode><heading>-105.36488786931</heading><tilt>75</tilt><range>45</range></LookAt></gx:FlyTo><gx:Wait><gx:duration>2</gx:duration></gx:Wait><gx:FlyTo><gx:duration>4</gx:duration><gx:flyToMode>smooth</gx:flyToMode><LookAt><latitude>-34.400852840085</latitude><longitude>19.262431926243</longitude><altitude>0</altitude><altitudeMode>relativeToGround</altitudeMode><heading>-105.36488786931</heading><tilt>75</tilt><range>70</range></LookAt></gx:FlyTo><gx:Wait><gx:duration>2</gx:duration></gx:Wait><gx:FlyTo><gx:duration>5</gx:duration><gx:flyToMode>smooth</gx:flyToMode><LookAt><latitude>-34.400852840085</latitude><longitude>19.262431926243</longitude><altitude>0</altitude><altitudeMode>relativeToGround</altitudeMode><heading>164.63511213069</heading><tilt>75</tilt><range>60</range></LookAt></gx:FlyTo><gx:Wait><gx:duration>2</gx:duration></gx:Wait><gx:FlyTo><gx:duration>5</gx:duration><gx:flyToMode>smooth</gx:flyToMode><LookAt><latitude>-34.400852840085</latitude><longitude>19.262431926243</longitude><altitude>0</altitude><altitudeMode>relativeToGround</altitudeMode><heading>74.635112130691</heading><tilt>75</tilt><range>60</range></LookAt></gx:FlyTo><gx:Wait><gx:duration>2</gx:duration></gx:Wait><gx:FlyTo><gx:duration>5</gx:duration><gx:flyToMode>smooth</gx:flyToMode><LookAt><latitude>-34.400852840085</latitude><longitude>19.262431926243</longitude><altitude>0</altitude><altitudeMode>relativeToGround</altitudeMode><heading>344.63511213069</heading><tilt>75</tilt><range>60</range></LookAt></gx:FlyTo><gx:Wait><gx:duration>2</gx:duration></gx:Wait><gx:FlyTo><gx:duration>5</gx:duration><gx:flyToMode>smooth</gx:flyToMode><LookAt><latitude>-34.400554940055</latitude><longitude>19.266626826663</longitude><altitude>22</altitude><altitudeMode>relativeToGround</altitudeMode><heading>-89.780044358686</heading><tilt>70</tilt><range>90</range></LookAt></gx:FlyTo><gx:Wait><gx:duration>5</gx:duration></gx:Wait></gx:Playlist></gx:Tour><gx:Tour><name>Hole 6 - Par 5 - 550 yards</name><gx:Playlist><gx:FlyTo><gx:duration>5</gx:duration><gx:flyToMode>smooth</gx:flyToMode><LookAt><latitude>-34.401069740107</latitude><longitude>19.261989126199</longitude><altitude>22</altitude><altitudeMode>relativeToGround</altitudeMode><heading>-131.44801750255</heading><tilt>70</tilt><range>90</range></LookAt></gx:FlyTo><gx:Wait><gx:duration>1</gx:duration></gx:Wait><gx:FlyTo><gx:duration>4</gx:duration><gx:flyToMode>smooth</gx:flyToMode><LookAt><latitude>-34.401069740107</latitude><longitude>19.261989126199</longitude><altitude>14</altitude><altitudeMode>relativeToGround</altitudeMode><heading>-131.44801750255</heading><tilt>74</tilt><range>60</range></LookAt></gx:FlyTo><gx:Wait><gx:duration>2</gx:duration></gx:Wait><gx:FlyTo><gx:duration>4</gx:duration><gx:flyToMode>smooth</gx:flyToMode><LookAt><latitude>-34.402621340262</latitude><longitude>19.259859725986</longitude><altitude>11</altitude><altitudeMode>relativeToGround</altitudeMode><heading>-131.05237126929</heading><tilt>75</tilt><range>45</range></LookAt></gx:FlyTo><gx:Wait><gx:duration>2</gx:duration></gx:Wait><gx:FlyTo><gx:duration>4</gx:duration><gx:flyToMode>smooth</gx:flyToMode><LookAt><latitude>-34.40370134037</latitude><longitude>19.258356725836</longitude><altitude>6.5730822862054</altitude><altitudeMode>relativeToGround</altitudeMode><heading>-126.59912294802</heading><tilt>75</tilt><range>55.06117662226</range></LookAt></gx:FlyTo><gx:Wait><gx:duration>2</gx:duration></gx:Wait><gx:FlyTo><gx:duration>4</gx:duration><gx:flyToMode>smooth</gx:flyToMode><LookAt><latitude>-34.404021740402</latitude><longitude>19.257833825783</longitude><altitude>0</altitude><altitudeMode>relativeToGround</altitudeMode><heading>-126.59912294802</heading><tilt>75</tilt><range>70</range></LookAt></gx:FlyTo><gx:Wait><gx:duration>2</gx:duration></gx:Wait><gx:FlyTo><gx:duration>5</gx:duration><gx:flyToMode>smooth</gx:flyToMode><LookAt><latitude>-34.404021740402</latitude><longitude>19.257833825783</longitude><altitude>0</altitude><altitudeMode>relativeToGround</altitudeMode><heading>143.40087705198</heading><tilt>75</tilt><range>60</range></LookAt></gx:FlyTo><gx:Wait><gx:duration>2</gx:duration></gx:Wait><gx:FlyTo><gx:duration>5</gx:duration><gx:flyToMode>smooth</gx:flyToMode><LookAt><latitude>-34.404021740402</latitude><longitude>19.257833825783</longitude><altitude>0</altitude><altitudeMode>relativeToGround</altitudeMode><heading>53.400877051983</heading><tilt>75</tilt><range>60</range></LookAt></gx:FlyTo><gx:Wait><gx:duration>2</gx:duration></gx:Wait><gx:FlyTo><gx:duration>5</gx:duration><gx:flyToMode>smooth</gx:flyToMode><LookAt><latitude>-34.404021740402</latitude><longitude>19.257833825783</longitude><altitude>0</altitude><altitudeMode>relativeToGround</altitudeMode><heading>323.40087705198</heading><tilt>75</tilt><range>60</range></LookAt></gx:FlyTo><gx:Wait><gx:duration>2</gx:duration></gx:Wait><gx:FlyTo><gx:duration>5</gx:duration><gx:flyToMode>smooth</gx:flyToMode><LookAt><latitude>-34.401069740107</latitude><longitude>19.261989126199</longitude><altitude>22</altitude><altitudeMode>relativeToGround</altitudeMode><heading>-131.44801750255</heading><tilt>70</tilt><range>90</range></LookAt></gx:FlyTo><gx:Wait><gx:duration>5</gx:duration></gx:Wait></gx:Playlist></gx:Tour><gx:Tour><name>Hole 7 - Par 4 - 427 yards</name><gx:Playlist><gx:FlyTo><gx:duration>5</gx:duration><gx:flyToMode>smooth</gx:flyToMode><LookAt><latitude>-34.403735540374</latitude><longitude>19.257113825711</longitude><altitude>22</altitude><altitudeMode>relativeToGround</altitudeMode><heading>-117.97792513015</heading><tilt>70</tilt><range>90</range></LookAt></gx:FlyTo><gx:Wait><gx:duration>1</gx:duration></gx:Wait><gx:FlyTo><gx:duration>4</gx:duration><gx:flyToMode>smooth</gx:flyToMode><LookAt><latitude>-34.403735540374</latitude><longitude>19.257113825711</longitude><altitude>14</altitude><altitudeMode>relativeToGround</altitudeMode><heading>-117.97792513015</heading><tilt>74</tilt><range>60</range></LookAt></gx:FlyTo><gx:Wait><gx:duration>2</gx:duration></gx:Wait><gx:FlyTo><gx:duration>4</gx:duration><gx:flyToMode>smooth</gx:flyToMode><LookAt><latitude>-34.404854240485</latitude><longitude>19.254561425456</longitude><altitude>11</altitude><altitudeMode>relativeToGround</altitudeMode><heading>-124.32487303353</heading><tilt>75</tilt><range>45</range></LookAt></gx:FlyTo><gx:Wait><gx:duration>2</gx:duration></gx:Wait><gx:FlyTo><gx:duration>4</gx:duration><gx:flyToMode>smooth</gx:flyToMode><LookAt><latitude>-34.405490540549</latitude><longitude>19.253431925343</longitude><altitude>0</altitude><altitudeMode>relativeToGround</altitudeMode><heading>-124.32487303353</heading><tilt>75</tilt><range>70</range></LookAt></gx:FlyTo><gx:Wait><gx:duration>2</gx:duration></gx:Wait><gx:FlyTo><gx:duration>5</gx:duration><gx:flyToMode>smooth</gx:flyToMode><LookAt><latitude>-34.405490540549</latitude><longitude>19.253431925343</longitude><altitude>0</altitude><altitudeMode>relativeToGround</altitudeMode><heading>145.67512696647</heading><tilt>75</tilt><range>60</range></LookAt></gx:FlyTo><gx:Wait><gx:duration>2</gx:duration></gx:Wait><gx:FlyTo><gx:duration>5</gx:duration><gx:flyToMode>smooth</gx:flyToMode><LookAt><latitude>-34.405490540549</latitude><longitude>19.253431925343</longitude><altitude>0</altitude><altitudeMode>relativeToGround</altitudeMode><heading>55.675126966468</heading><tilt>75</tilt><range>60</range></LookAt></gx:FlyTo><gx:Wait><gx:duration>2</gx:duration></gx:Wait><gx:FlyTo><gx:duration>5</gx:duration><gx:flyToMode>smooth</gx:flyToMode><LookAt><latitude>-34.405490540549</latitude><longitude>19.253431925343</longitude><altitude>0</altitude><altitudeMode>relativeToGround</altitudeMode><heading>325.67512696647</heading><tilt>75</tilt><range>60</range></LookAt></gx:FlyTo><gx:Wait><gx:duration>2</gx:duration></gx:Wait><gx:FlyTo><gx:duration>5</gx:duration><gx:flyToMode>smooth</gx:flyToMode><LookAt><latitude>-34.403735540374</latitude><longitude>19.257113825711</longitude><altitude>22</altitude><altitudeMode>relativeToGround</altitudeMode><heading>-117.97792513015</heading><tilt>70</tilt><range>90</range></LookAt></gx:FlyTo><gx:Wait><gx:duration>5</gx:duration></gx:Wait></gx:Playlist></gx:Tour><gx:Tour><name>Hole 8 - Par 4 - 406 yards</name><gx:Playlist><gx:FlyTo><gx:duration>5</gx:duration><gx:flyToMode>smooth</gx:flyToMode><LookAt><latitude>-34.406617340662</latitude><longitude>19.253018825302</longitude><altitude>22</altitude><altitudeMode>relativeToGround</altitudeMode><heading>-163.48775878922</heading><tilt>70</tilt><range>90</range></LookAt></gx:FlyTo><gx:Wait><gx:duration>1</gx:duration></gx:Wait><gx:FlyTo><gx:duration>4</gx:duration><gx:flyToMode>smooth</gx:flyToMode><LookAt><latitude>-34.406617340662</latitude><longitude>19.253018825302</longitude><altitude>14</altitude><altitudeMode>relativeToGround</altitudeMode><heading>-163.48775878922</heading><tilt>74</tilt><range>60</range></LookAt></gx:FlyTo><gx:Wait><gx:duration>2</gx:duration></gx:Wait><gx:FlyTo><gx:duration>4</gx:duration><gx:flyToMode>smooth</gx:flyToMode><LookAt><latitude>-34.40890424089</latitude><longitude>19.25219712522</longitude><altitude>11</altitude><altitudeMode>relativeToGround</altitudeMode><heading>-170.70059838015</heading><tilt>75</tilt><range>45</range></LookAt></gx:FlyTo><gx:Wait><gx:duration>2</gx:duration></gx:Wait><gx:FlyTo><gx:duration>4</gx:duration><gx:flyToMode>smooth</gx:flyToMode><LookAt><latitude>-34.409847440985</latitude><longitude>19.252009925201</longitude><altitude>0</altitude><altitudeMode>relativeToGround</altitudeMode><heading>-170.70059838015</heading><tilt>75</tilt><range>70</range></LookAt></gx:FlyTo><gx:Wait><gx:duration>2</gx:duration></gx:Wait><gx:FlyTo><gx:duration>5</gx:duration><gx:flyToMode>smooth</gx:flyToMode><LookAt><latitude>-34.409847440985</latitude><longitude>19.252009925201</longitude><altitude>0</altitude><altitudeMode>relativeToGround</altitudeMode><heading>99.29940161985</heading><tilt>75</tilt><range>60</range></LookAt></gx:FlyTo><gx:Wait><gx:duration>2</gx:duration></gx:Wait><gx:FlyTo><gx:duration>5</gx:duration><gx:flyToMode>smooth</gx:flyToMode><LookAt><latitude>-34.409847440985</latitude><longitude>19.252009925201</longitude><altitude>0</altitude><altitudeMode>relativeToGround</altitudeMode><heading>9.2994016198495</heading><tilt>75</tilt><range>60</range></LookAt></gx:FlyTo><gx:Wait><gx:duration>2</gx:duration></gx:Wait><gx:FlyTo><gx:duration>5</gx:duration><gx:flyToMode>smooth</gx:flyToMode><LookAt><latitude>-34.409847440985</latitude><longitude>19.252009925201</longitude><altitude>0</altitude><altitudeMode>relativeToGround</altitudeMode><heading>279.29940161985</heading><tilt>75</tilt><range>60</range></LookAt></gx:FlyTo><gx:Wait><gx:duration>2</gx:duration></gx:Wait><gx:FlyTo><gx:duration>5</gx:duration><gx:flyToMode>smooth</gx:flyToMode><LookAt><latitude>-34.406617340662</latitude><longitude>19.253018825302</longitude><altitude>22</altitude><altitudeMode>relativeToGround</altitudeMode><heading>-163.48775878922</heading><tilt>70</tilt><range>90</range></LookAt></gx:FlyTo><gx:Wait><gx:duration>5</gx:duration></gx:Wait></gx:Playlist></gx:Tour><gx:Tour><name>Hole 9 - Par 3 - 178 yards</name><gx:Playlist><gx:FlyTo><gx:duration>5</gx:duration><gx:flyToMode>smooth</gx:flyToMode><LookAt><latitude>-34.410047241005</latitude><longitude>19.252535525254</longitude><altitude>22</altitude><altitudeMode>relativeToGround</altitudeMode><heading>84.20001174452</heading><tilt>70</tilt><range>90</range></LookAt></gx:FlyTo><gx:Wait><gx:duration>1</gx:duration></gx:Wait><gx:FlyTo><gx:duration>4</gx:duration><gx:flyToMode>smooth</gx:flyToMode><LookAt><latitude>-34.410047241005</latitude><longitude>19.252535525254</longitude><altitude>14</altitude><altitudeMode>relativeToGround</altitudeMode><heading>84.20001174452</heading><tilt>74</tilt><range>60</range></LookAt></gx:FlyTo><gx:Wait><gx:duration>2</gx:duration></gx:Wait><gx:FlyTo><gx:duration>4</gx:duration><gx:flyToMode>smooth</gx:flyToMode><LookAt><latitude>-34.40989964099</latitude><longitude>19.25429682543</longitude><altitude>0</altitude><altitudeMode>relativeToGround</altitudeMode><heading>84.20001174452</heading><tilt>75</tilt><range>70</range></LookAt></gx:FlyTo><gx:Wait><gx:duration>2</gx:duration></gx:Wait><gx:FlyTo><gx:duration>5</gx:duration><gx:flyToMode>smooth</gx:flyToMode><LookAt><latitude>-34.40989964099</latitude><longitude>19.25429682543</longitude><altitude>0</altitude><altitudeMode>relativeToGround</altitudeMode><heading>354.20001174452</heading><tilt>75</tilt><range>60</range></LookAt></gx:FlyTo><gx:Wait><gx:duration>2</gx:duration></gx:Wait><gx:FlyTo><gx:duration>5</gx:duration><gx:flyToMode>smooth</gx:flyToMode><LookAt><latitude>-34.40989964099</latitude><longitude>19.25429682543</longitude><altitude>0</altitude><altitudeMode>relativeToGround</altitudeMode><heading>264.20001174452</heading><tilt>75</tilt><range>60</range></LookAt></gx:FlyTo><gx:Wait><gx:duration>2</gx:duration></gx:Wait><gx:FlyTo><gx:duration>5</gx:duration><gx:flyToMode>smooth</gx:flyToMode><LookAt><latitude>-34.40989964099</latitude><longitude>19.25429682543</longitude><altitude>0</altitude><altitudeMode>relativeToGround</altitudeMode><heading>174.20001174452</heading><tilt>75</tilt><range>60</range></LookAt></gx:FlyTo><gx:Wait><gx:duration>2</gx:duration></gx:Wait><gx:FlyTo><gx:duration>5</gx:duration><gx:flyToMode>smooth</gx:flyToMode><LookAt><latitude>-34.410047241005</latitude><longitude>19.252535525254</longitude><altitude>22</altitude><altitudeMode>relativeToGround</altitudeMode><heading>84.20001174452</heading><tilt>70</tilt><range>90</range></LookAt></gx:FlyTo><gx:Wait><gx:duration>5</gx:duration></gx:Wait></gx:Playlist></gx:Tour><gx:Tour><name>Hole 10 - Par 4 - 413 yards</name><gx:Playlist><gx:FlyTo><gx:duration>5</gx:duration><gx:flyToMode>smooth</gx:flyToMode><LookAt><latitude>-34.41010124101</latitude><longitude>19.25469822547</longitude><altitude>22</altitude><altitudeMode>relativeToGround</altitudeMode><heading>27.856018443784</heading><tilt>70</tilt><range>90</range></LookAt></gx:FlyTo><gx:Wait><gx:duration>1</gx:duration></gx:Wait><gx:FlyTo><gx:duration>4</gx:duration><gx:flyToMode>smooth</gx:flyToMode><LookAt><latitude>-34.41010124101</latitude><longitude>19.25469822547</longitude><altitude>14</altitude><altitudeMode>relativeToGround</altitudeMode><heading>27.856018443784</heading><tilt>74</tilt><range>60</range></LookAt></gx:FlyTo><gx:Wait><gx:duration>2</gx:duration></gx:Wait><gx:FlyTo><gx:duration>4</gx:duration><gx:flyToMode>smooth</gx:flyToMode><LookAt><latitude>-34.408065440807</latitude><longitude>19.2560023256</longitude><altitude>11</altitude><altitudeMode>relativeToGround</altitudeMode><heading>54.477846986284</heading><tilt>75</tilt><range>45</range></LookAt></gx:FlyTo><gx:Wait><gx:duration>2</gx:duration></gx:Wait><gx:FlyTo><gx:duration>4</gx:duration><gx:flyToMode>smooth</gx:flyToMode><LookAt><latitude>-34.407430940743</latitude><longitude>19.257079625708</longitude><altitude>0</altitude><altitudeMode>relativeToGround</altitudeMode><heading>54.477846986284</heading><tilt>75</tilt><range>70</range></LookAt></gx:FlyTo><gx:Wait><gx:duration>2</gx:duration></gx:Wait><gx:FlyTo><gx:duration>5</gx:duration><gx:flyToMode>smooth</gx:flyToMode><LookAt><latitude>-34.407430940743</latitude><longitude>19.257079625708</longitude><altitude>0</altitude><altitudeMode>relativeToGround</altitudeMode><heading>324.47784698628</heading><tilt>75</tilt><range>60</range></LookAt></gx:FlyTo><gx:Wait><gx:duration>2</gx:duration></gx:Wait><gx:FlyTo><gx:duration>5</gx:duration><gx:flyToMode>smooth</gx:flyToMode><LookAt><latitude>-34.407430940743</latitude><longitude>19.257079625708</longitude><altitude>0</altitude><altitudeMode>relativeToGround</altitudeMode><heading>234.47784698628</heading><tilt>75</tilt><range>60</range></LookAt></gx:FlyTo><gx:Wait><gx:duration>2</gx:duration></gx:Wait><gx:FlyTo><gx:duration>5</gx:duration><gx:flyToMode>smooth</gx:flyToMode><LookAt><latitude>-34.407430940743</latitude><longitude>19.257079625708</longitude><altitude>0</altitude><altitudeMode>relativeToGround</altitudeMode><heading>144.47784698628</heading><tilt>75</tilt><range>60</range></LookAt></gx:FlyTo><gx:Wait><gx:duration>2</gx:duration></gx:Wait><gx:FlyTo><gx:duration>5</gx:duration><gx:flyToMode>smooth</gx:flyToMode><LookAt><latitude>-34.41010124101</latitude><longitude>19.25469822547</longitude><altitude>22</altitude><altitudeMode>relativeToGround</altitudeMode><heading>27.856018443784</heading><tilt>70</tilt><range>90</range></LookAt></gx:FlyTo><gx:Wait><gx:duration>5</gx:duration></gx:Wait></gx:Playlist></gx:Tour><gx:Tour><name>Hole 11 - Par 5 - 522 yards</name><gx:Playlist><gx:FlyTo><gx:duration>5</gx:duration><gx:flyToMode>smooth</gx:flyToMode><LookAt><latitude>-34.407223040722</latitude><longitude>19.256573825657</longitude><altitude>22</altitude><altitudeMode>relativeToGround</altitudeMode><heading>46.823685566623</heading><tilt>70</tilt><range>90</range></LookAt></gx:FlyTo><gx:Wait><gx:duration>1</gx:duration></gx:Wait><gx:FlyTo><gx:duration>4</gx:duration><gx:flyToMode>smooth</gx:flyToMode><LookAt><latitude>-34.407223040722</latitude><longitude>19.256573825657</longitude><altitude>14</altitude><altitudeMode>relativeToGround</altitudeMode><heading>46.823685566623</heading><tilt>74</tilt><range>60</range></LookAt></gx:FlyTo><gx:Wait><gx:duration>2</gx:duration></gx:Wait><gx:FlyTo><gx:duration>4</gx:duration><gx:flyToMode>smooth</gx:flyToMode><LookAt><latitude>-34.405591340559</latitude><longitude>19.258681625868</longitude><altitude>11</altitude><altitudeMode>relativeToGround</altitudeMode><heading>32.484226093515</heading><tilt>75</tilt><range>45</range></LookAt></gx:FlyTo><gx:Wait><gx:duration>2</gx:duration></gx:Wait><gx:FlyTo><gx:duration>4</gx:duration><gx:flyToMode>smooth</gx:flyToMode><LookAt><latitude>-34.404377240438</latitude><longitude>19.259618525962</longitude><altitude>5.7349411283682</altitude><altitudeMode>relativeToGround</altitudeMode><heading>24.515430198571</heading><tilt>75</tilt><range>56.966042890072</range></LookAt></gx:FlyTo><gx:Wait><gx:duration>2</gx:duration></gx:Wait><gx:FlyTo><gx:duration>4</gx:duration><gx:flyToMode>smooth</gx:flyToMode><LookAt><latitude>-34.403950640395</latitude><longitude>19.259854325985</longitude><altitude>0</altitude><altitudeMode>relativeToGround</altitudeMode><heading>24.515430198571</heading><tilt>75</tilt><range>70</range></LookAt></gx:FlyTo><gx:Wait><gx:duration>2</gx:duration></gx:Wait><gx:FlyTo><gx:duration>5</gx:duration><gx:flyToMode>smooth</gx:flyToMode><LookAt><latitude>-34.403950640395</latitude><longitude>19.259854325985</longitude><altitude>0</altitude><altitudeMode>relativeToGround</altitudeMode><heading>294.51543019857</heading><tilt>75</tilt><range>60</range></LookAt></gx:FlyTo><gx:Wait><gx:duration>2</gx:duration></gx:Wait><gx:FlyTo><gx:duration>5</gx:duration><gx:flyToMode>smooth</gx:flyToMode><LookAt><latitude>-34.403950640395</latitude><longitude>19.259854325985</longitude><altitude>0</altitude><altitudeMode>relativeToGround</altitudeMode><heading>204.51543019857</heading><tilt>75</tilt><range>60</range></LookAt></gx:FlyTo><gx:Wait><gx:duration>2</gx:duration></gx:Wait><gx:FlyTo><gx:duration>5</gx:duration><gx:flyToMode>smooth</gx:flyToMode><LookAt><latitude>-34.403950640395</latitude><longitude>19.259854325985</longitude><altitude>0</altitude><altitudeMode>relativeToGround</altitudeMode><heading>114.51543019857</heading><tilt>75</tilt><range>60</range></LookAt></gx:FlyTo><gx:Wait><gx:duration>2</gx:duration></gx:Wait><gx:FlyTo><gx:duration>5</gx:duration><gx:flyToMode>smooth</gx:flyToMode><LookAt><latitude>-34.407223040722</latitude><longitude>19.256573825657</longitude><altitude>22</altitude><altitudeMode>relativeToGround</altitudeMode><heading>46.823685566623</heading><tilt>70</tilt><range>90</range></LookAt></gx:FlyTo><gx:Wait><gx:duration>5</gx:duration></gx:Wait></gx:Playlist></gx:Tour><gx:Tour><name>Hole 12 - Par 4 - 394 yards</name><gx:Playlist><gx:FlyTo><gx:duration>5</gx:duration><gx:flyToMode>smooth</gx:flyToMode><LookAt><latitude>-34.40360234036</latitude><longitude>19.260454626045</longitude><altitude>22</altitude><altitudeMode>relativeToGround</altitudeMode><heading>53.746538077989</heading><tilt>70</tilt><range>90</range></LookAt></gx:FlyTo><gx:Wait><gx:duration>1</gx:duration></gx:Wait><gx:FlyTo><gx:duration>4</gx:duration><gx:flyToMode>smooth</gx:flyToMode><LookAt><latitude>-34.40360234036</latitude><longitude>19.260454626045</longitude><altitude>14</altitude><altitudeMode>relativeToGround</altitudeMode><heading>53.746538077989</heading><tilt>74</tilt><range>60</range></LookAt></gx:FlyTo><gx:Wait><gx:duration>2</gx:duration></gx:Wait><gx:FlyTo><gx:duration>4</gx:duration><gx:flyToMode>smooth</gx:flyToMode><LookAt><latitude>-34.402264940226</latitude><longitude>19.262665026267</longitude><altitude>11</altitude><altitudeMode>relativeToGround</altitudeMode><heading>38.785689550831</heading><tilt>75</tilt><range>45</range></LookAt></gx:FlyTo><gx:Wait><gx:duration>2</gx:duration></gx:Wait><gx:FlyTo><gx:duration>4</gx:duration><gx:flyToMode>smooth</gx:flyToMode><LookAt><latitude>-34.40150444015</latitude><longitude>19.263405726341</longitude><altitude>0</altitude><altitudeMode>relativeToGround</altitudeMode><heading>38.785689550831</heading><tilt>75</tilt><range>70</range></LookAt></gx:FlyTo><gx:Wait><gx:duration>2</gx:duration></gx:Wait><gx:FlyTo><gx:duration>5</gx:duration><gx:flyToMode>smooth</gx:flyToMode><LookAt><latitude>-34.40150444015</latitude><longitude>19.263405726341</longitude><altitude>0</altitude><altitudeMode>relativeToGround</altitudeMode><heading>308.78568955083</heading><tilt>75</tilt><range>60</range></LookAt></gx:FlyTo><gx:Wait><gx:duration>2</gx:duration></gx:Wait><gx:FlyTo><gx:duration>5</gx:duration><gx:flyToMode>smooth</gx:flyToMode><LookAt><latitude>-34.40150444015</latitude><longitude>19.263405726341</longitude><altitude>0</altitude><altitudeMode>relativeToGround</altitudeMode><heading>218.78568955083</heading><tilt>75</tilt><range>60</range></LookAt></gx:FlyTo><gx:Wait><gx:duration>2</gx:duration></gx:Wait><gx:FlyTo><gx:duration>5</gx:duration><gx:flyToMode>smooth</gx:flyToMode><LookAt><latitude>-34.40150444015</latitude><longitude>19.263405726341</longitude><altitude>0</altitude><altitudeMode>relativeToGround</altitudeMode><heading>128.78568955083</heading><tilt>75</tilt><range>60</range></LookAt></gx:FlyTo><gx:Wait><gx:duration>2</gx:duration></gx:Wait><gx:FlyTo><gx:duration>5</gx:duration><gx:flyToMode>smooth</gx:flyToMode><LookAt><latitude>-34.40360234036</latitude><longitude>19.260454626045</longitude><altitude>22</altitude><altitudeMode>relativeToGround</altitudeMode><heading>53.746538077989</heading><tilt>70</tilt><range>90</range></LookAt></gx:FlyTo><gx:Wait><gx:duration>5</gx:duration></gx:Wait></gx:Playlist></gx:Tour><gx:Tour><name>Hole 13 - Par 3 - 199 yards</name><gx:Playlist><gx:FlyTo><gx:duration>5</gx:duration><gx:flyToMode>smooth</gx:flyToMode><LookAt><latitude>-34.401145340115</latitude><longitude>19.263777426378</longitude><altitude>22</altitude><altitudeMode>relativeToGround</altitudeMode><heading>167.25131959811</heading><tilt>70</tilt><range>90</range></LookAt></gx:FlyTo><gx:Wait><gx:duration>1</gx:duration></gx:Wait><gx:FlyTo><gx:duration>4</gx:duration><gx:flyToMode>smooth</gx:flyToMode><LookAt><latitude>-34.401145340115</latitude><longitude>19.263777426378</longitude><altitude>14</altitude><altitudeMode>relativeToGround</altitudeMode><heading>167.25131959811</heading><tilt>74</tilt><range>60</range></LookAt></gx:FlyTo><gx:Wait><gx:duration>2</gx:duration></gx:Wait><gx:FlyTo><gx:duration>4</gx:duration><gx:flyToMode>smooth</gx:flyToMode><LookAt><latitude>-34.402743740274</latitude><longitude>19.264215726422</longitude><altitude>0</altitude><altitudeMode>relativeToGround</altitudeMode><heading>167.25131959811</heading><tilt>75</tilt><range>70</range></LookAt></gx:FlyTo><gx:Wait><gx:duration>2</gx:duration></gx:Wait><gx:FlyTo><gx:duration>5</gx:duration><gx:flyToMode>smooth</gx:flyToMode><LookAt><latitude>-34.402743740274</latitude><longitude>19.264215726422</longitude><altitude>0</altitude><altitudeMode>relativeToGround</altitudeMode><heading>77.251319598113</heading><tilt>75</tilt><range>60</range></LookAt></gx:FlyTo><gx:Wait><gx:duration>2</gx:duration></gx:Wait><gx:FlyTo><gx:duration>5</gx:duration><gx:flyToMode>smooth</gx:flyToMode><LookAt><latitude>-34.402743740274</latitude><longitude>19.264215726422</longitude><altitude>0</altitude><altitudeMode>relativeToGround</altitudeMode><heading>347.25131959811</heading><tilt>75</tilt><range>60</range></LookAt></gx:FlyTo><gx:Wait><gx:duration>2</gx:duration></gx:Wait><gx:FlyTo><gx:duration>5</gx:duration><gx:flyToMode>smooth</gx:flyToMode><LookAt><latitude>-34.402743740274</latitude><longitude>19.264215726422</longitude><altitude>0</altitude><altitudeMode>relativeToGround</altitudeMode><heading>257.25131959811</heading><tilt>75</tilt><range>60</range></LookAt></gx:FlyTo><gx:Wait><gx:duration>2</gx:duration></gx:Wait><gx:FlyTo><gx:duration>5</gx:duration><gx:flyToMode>smooth</gx:flyToMode><LookAt><latitude>-34.401145340115</latitude><longitude>19.263777426378</longitude><altitude>22</altitude><altitudeMode>relativeToGround</altitudeMode><heading>167.25131959811</heading><tilt>70</tilt><range>90</range></LookAt></gx:FlyTo><gx:Wait><gx:duration>5</gx:duration></gx:Wait></gx:Playlist></gx:Tour><gx:Tour><name>Hole 14 - Par 4 - 360 yards</name><gx:Playlist><gx:FlyTo><gx:duration>5</gx:duration><gx:flyToMode>smooth</gx:flyToMode><LookAt><latitude>-34.403372840337</latitude><longitude>19.264626126463</longitude><altitude>22</altitude><altitudeMode>relativeToGround</altitudeMode><heading>154.66374631588</heading><tilt>70</tilt><range>90</range></LookAt></gx:FlyTo><gx:Wait><gx:duration>1</gx:duration></gx:Wait><gx:FlyTo><gx:duration>4</gx:duration><gx:flyToMode>smooth</gx:flyToMode><LookAt><latitude>-34.403372840337</latitude><longitude>19.264626126463</longitude><altitude>14</altitude><altitudeMode>relativeToGround</altitudeMode><heading>154.66374631588</heading><tilt>74</tilt><range>60</range></LookAt></gx:FlyTo><gx:Wait><gx:duration>2</gx:duration></gx:Wait><gx:FlyTo><gx:duration>4</gx:duration><gx:flyToMode>smooth</gx:flyToMode><LookAt><latitude>-34.405231340523</latitude><longitude>19.265692626569</longitude><altitude>11</altitude><altitudeMode>relativeToGround</altitudeMode><heading>156.19154863225</heading><tilt>75</tilt><range>45</range></LookAt></gx:FlyTo><gx:Wait><gx:duration>2</gx:duration></gx:Wait><gx:FlyTo><gx:duration>4</gx:duration><gx:flyToMode>smooth</gx:flyToMode><LookAt><latitude>-34.406059340606</latitude><longitude>19.266135426614</longitude><altitude>0</altitude><altitudeMode>relativeToGround</altitudeMode><heading>156.19154863225</heading><tilt>75</tilt><range>70</range></LookAt></gx:FlyTo><gx:Wait><gx:duration>2</gx:duration></gx:Wait><gx:FlyTo><gx:duration>5</gx:duration><gx:flyToMode>smooth</gx:flyToMode><LookAt><latitude>-34.406059340606</latitude><longitude>19.266135426614</longitude><altitude>0</altitude><altitudeMode>relativeToGround</altitudeMode><heading>66.191548632248</heading><tilt>75</tilt><range>60</range></LookAt></gx:FlyTo><gx:Wait><gx:duration>2</gx:duration></gx:Wait><gx:FlyTo><gx:duration>5</gx:duration><gx:flyToMode>smooth</gx:flyToMode><LookAt><latitude>-34.406059340606</latitude><longitude>19.266135426614</longitude><altitude>0</altitude><altitudeMode>relativeToGround</altitudeMode><heading>336.19154863225</heading><tilt>75</tilt><range>60</range></LookAt></gx:FlyTo><gx:Wait><gx:duration>2</gx:duration></gx:Wait><gx:FlyTo><gx:duration>5</gx:duration><gx:flyToMode>smooth</gx:flyToMode><LookAt><latitude>-34.406059340606</latitude><longitude>19.266135426614</longitude><altitude>0</altitude><altitudeMode>relativeToGround</altitudeMode><heading>246.19154863225</heading><tilt>75</tilt><range>60</range></LookAt></gx:FlyTo><gx:Wait><gx:duration>2</gx:duration></gx:Wait><gx:FlyTo><gx:duration>5</gx:duration><gx:flyToMode>smooth</gx:flyToMode><LookAt><latitude>-34.403372840337</latitude><longitude>19.264626126463</longitude><altitude>22</altitude><altitudeMode>relativeToGround</altitudeMode><heading>154.66374631588</heading><tilt>70</tilt><range>90</range></LookAt></gx:FlyTo><gx:Wait><gx:duration>5</gx:duration></gx:Wait></gx:Playlist></gx:Tour><gx:Tour><name>Hole 15 - Par 4 - 427 yards</name><gx:Playlist><gx:FlyTo><gx:duration>5</gx:duration><gx:flyToMode>smooth</gx:flyToMode><LookAt><latitude>-34.406043140604</latitude><longitude>19.265353326535</longitude><altitude>22</altitude><altitudeMode>relativeToGround</altitudeMode><heading>-109.7807815967</heading><tilt>70</tilt><range>90</range></LookAt></gx:FlyTo><gx:Wait><gx:duration>1</gx:duration></gx:Wait><gx:FlyTo><gx:duration>4</gx:duration><gx:flyToMode>smooth</gx:flyToMode><LookAt><latitude>-34.406043140604</latitude><longitude>19.265353326535</longitude><altitude>14</altitude><altitudeMode>relativeToGround</altitudeMode><heading>-109.7807815967</heading><tilt>74</tilt><range>60</range></LookAt></gx:FlyTo><gx:Wait><gx:duration>2</gx:duration></gx:Wait><gx:FlyTo><gx:duration>4</gx:duration><gx:flyToMode>smooth</gx:flyToMode><LookAt><latitude>-34.406850440685</latitude><longitude>19.262632626263</longitude><altitude>11</altitude><altitudeMode>relativeToGround</altitudeMode><heading>-119.12485066856</heading><tilt>75</tilt><range>45</range></LookAt></gx:FlyTo><gx:Wait><gx:duration>2</gx:duration></gx:Wait><gx:FlyTo><gx:duration>4</gx:duration><gx:flyToMode>smooth</gx:flyToMode><LookAt><latitude>-34.40739944074</latitude><longitude>19.261438326144</longitude><altitude>0</altitude><altitudeMode>relativeToGround</altitudeMode><heading>-119.12485066856</heading><tilt>75</tilt><range>70</range></LookAt></gx:FlyTo><gx:Wait><gx:duration>2</gx:duration></gx:Wait><gx:FlyTo><gx:duration>5</gx:duration><gx:flyToMode>smooth</gx:flyToMode><LookAt><latitude>-34.40739944074</latitude><longitude>19.261438326144</longitude><altitude>0</altitude><altitudeMode>relativeToGround</altitudeMode><heading>150.87514933144</heading><tilt>75</tilt><range>60</range></LookAt></gx:FlyTo><gx:Wait><gx:duration>2</gx:duration></gx:Wait><gx:FlyTo><gx:duration>5</gx:duration><gx:flyToMode>smooth</gx:flyToMode><LookAt><latitude>-34.40739944074</latitude><longitude>19.261438326144</longitude><altitude>0</altitude><altitudeMode>relativeToGround</altitudeMode><heading>60.87514933144</heading><tilt>75</tilt><range>60</range></LookAt></gx:FlyTo><gx:Wait><gx:duration>2</gx:duration></gx:Wait><gx:FlyTo><gx:duration>5</gx:duration><gx:flyToMode>smooth</gx:flyToMode><LookAt><latitude>-34.40739944074</latitude><longitude>19.261438326144</longitude><altitude>0</altitude><altitudeMode>relativeToGround</altitudeMode><heading>330.87514933144</heading><tilt>75</tilt><range>60</range></LookAt></gx:FlyTo><gx:Wait><gx:duration>2</gx:duration></gx:Wait><gx:FlyTo><gx:duration>5</gx:duration><gx:flyToMode>smooth</gx:flyToMode><LookAt><latitude>-34.406043140604</latitude><longitude>19.265353326535</longitude><altitude>22</altitude><altitudeMode>relativeToGround</altitudeMode><heading>-109.7807815967</heading><tilt>70</tilt><range>90</range></LookAt></gx:FlyTo><gx:Wait><gx:duration>5</gx:duration></gx:Wait></gx:Playlist></gx:Tour><gx:Tour><name>Hole 16 - Par 3 - 213 yards</name><gx:Playlist><gx:FlyTo><gx:duration>5</gx:duration><gx:flyToMode>smooth</gx:flyToMode><LookAt><latitude>-34.407364340736</latitude><longitude>19.26080382608</longitude><altitude>22</altitude><altitudeMode>relativeToGround</altitudeMode><heading>46.827338756367</heading><tilt>70</tilt><range>90</range></LookAt></gx:FlyTo><gx:Wait><gx:duration>1</gx:duration></gx:Wait><gx:FlyTo><gx:duration>4</gx:duration><gx:flyToMode>smooth</gx:flyToMode><LookAt><latitude>-34.407364340736</latitude><longitude>19.26080382608</longitude><altitude>14</altitude><altitudeMode>relativeToGround</altitudeMode><heading>46.827338756367</heading><tilt>74</tilt><range>60</range></LookAt></gx:FlyTo><gx:Wait><gx:duration>2</gx:duration></gx:Wait><gx:FlyTo><gx:duration>4</gx:duration><gx:flyToMode>smooth</gx:flyToMode><LookAt><latitude>-34.406168240617</latitude><longitude>19.262349126235</longitude><altitude>0</altitude><altitudeMode>relativeToGround</altitudeMode><heading>46.827338756367</heading><tilt>75</tilt><range>70</range></LookAt></gx:FlyTo><gx:Wait><gx:duration>2</gx:duration></gx:Wait><gx:FlyTo><gx:duration>5</gx:duration><gx:flyToMode>smooth</gx:flyToMode><LookAt><latitude>-34.406168240617</latitude><longitude>19.262349126235</longitude><altitude>0</altitude><altitudeMode>relativeToGround</altitudeMode><heading>316.82733875637</heading><tilt>75</tilt><range>60</range></LookAt></gx:FlyTo><gx:Wait><gx:duration>2</gx:duration></gx:Wait><gx:FlyTo><gx:duration>5</gx:duration><gx:flyToMode>smooth</gx:flyToMode><LookAt><latitude>-34.406168240617</latitude><longitude>19.262349126235</longitude><altitude>0</altitude><altitudeMode>relativeToGround</altitudeMode><heading>226.82733875637</heading><tilt>75</tilt><range>60</range></LookAt></gx:FlyTo><gx:Wait><gx:duration>2</gx:duration></gx:Wait><gx:FlyTo><gx:duration>5</gx:duration><gx:flyToMode>smooth</gx:flyToMode><LookAt><latitude>-34.406168240617</latitude><longitude>19.262349126235</longitude><altitude>0</altitude><altitudeMode>relativeToGround</altitudeMode><heading>136.82733875637</heading><tilt>75</tilt><range>60</range></LookAt></gx:FlyTo><gx:Wait><gx:duration>2</gx:duration></gx:Wait><gx:FlyTo><gx:duration>5</gx:duration><gx:flyToMode>smooth</gx:flyToMode><LookAt><latitude>-34.407364340736</latitude><longitude>19.26080382608</longitude><altitude>22</altitude><altitudeMode>relativeToGround</altitudeMode><heading>46.827338756367</heading><tilt>70</tilt><range>90</range></LookAt></gx:FlyTo><gx:Wait><gx:duration>5</gx:duration></gx:Wait></gx:Playlist></gx:Tour><gx:Tour><name>Hole 17 - Par 5 - 540 yards</name><gx:Playlist><gx:FlyTo><gx:duration>5</gx:duration><gx:flyToMode>smooth</gx:flyToMode><LookAt><latitude>-34.405777640578</latitude><longitude>19.262717226272</longitude><altitude>22</altitude><altitudeMode>relativeToGround</altitudeMode><heading>-93.375182388892</heading><tilt>70</tilt><range>90</range></LookAt></gx:FlyTo><gx:Wait><gx:duration>1</gx:duration></gx:Wait><gx:FlyTo><gx:duration>4</gx:duration><gx:flyToMode>smooth</gx:flyToMode><LookAt><latitude>-34.405777640578</latitude><longitude>19.262717226272</longitude><altitude>14</altitude><altitudeMode>relativeToGround</altitudeMode><heading>-93.375182388892</heading><tilt>74</tilt><range>60</range></LookAt></gx:FlyTo><gx:Wait><gx:duration>2</gx:duration></gx:Wait><gx:FlyTo><gx:duration>4</gx:duration><gx:flyToMode>smooth</gx:flyToMode><LookAt><latitude>-34.405918040592</latitude><longitude>19.259831825983</longitude><altitude>11</altitude><altitudeMode>relativeToGround</altitudeMode><heading>-121.55369415976</heading><tilt>75</tilt><range>45</range></LookAt></gx:FlyTo><gx:Wait><gx:duration>2</gx:duration></gx:Wait><gx:FlyTo><gx:duration>4</gx:duration><gx:flyToMode>smooth</gx:flyToMode><LookAt><latitude>-34.406671340667</latitude><longitude>19.258345025835</longitude><altitude>7.5114249043543</altitude><altitudeMode>relativeToGround</altitudeMode><heading>-142.45335819714</heading><tilt>75</tilt><range>52.928579762831</range></LookAt></gx:FlyTo><gx:Wait><gx:duration>2</gx:duration></gx:Wait><gx:FlyTo><gx:duration>4</gx:duration><gx:flyToMode>smooth</gx:flyToMode><LookAt><latitude>-34.407158240716</latitude><longitude>19.257891425789</longitude><altitude>0</altitude><altitudeMode>relativeToGround</altitudeMode><heading>-142.45335819714</heading><tilt>75</tilt><range>70</range></LookAt></gx:FlyTo><gx:Wait><gx:duration>2</gx:duration></gx:Wait><gx:FlyTo><gx:duration>5</gx:duration><gx:flyToMode>smooth</gx:flyToMode><LookAt><latitude>-34.407158240716</latitude><longitude>19.257891425789</longitude><altitude>0</altitude><altitudeMode>relativeToGround</altitudeMode><heading>127.54664180286</heading><tilt>75</tilt><range>60</range></LookAt></gx:FlyTo><gx:Wait><gx:duration>2</gx:duration></gx:Wait><gx:FlyTo><gx:duration>5</gx:duration><gx:flyToMode>smooth</gx:flyToMode><LookAt><latitude>-34.407158240716</latitude><longitude>19.257891425789</longitude><altitude>0</altitude><altitudeMode>relativeToGround</altitudeMode><heading>37.546641802856</heading><tilt>75</tilt><range>60</range></LookAt></gx:FlyTo><gx:Wait><gx:duration>2</gx:duration></gx:Wait><gx:FlyTo><gx:duration>5</gx:duration><gx:flyToMode>smooth</gx:flyToMode><LookAt><latitude>-34.407158240716</latitude><longitude>19.257891425789</longitude><altitude>0</altitude><altitudeMode>relativeToGround</altitudeMode><heading>307.54664180286</heading><tilt>75</tilt><range>60</range></LookAt></gx:FlyTo><gx:Wait><gx:duration>2</gx:duration></gx:Wait><gx:FlyTo><gx:duration>5</gx:duration><gx:flyToMode>smooth</gx:flyToMode><LookAt><latitude>-34.405777640578</latitude><longitude>19.262717226272</longitude><altitude>22</altitude><altitudeMode>relativeToGround</altitudeMode><heading>-93.375182388892</heading><tilt>70</tilt><range>90</range></LookAt></gx:FlyTo><gx:Wait><gx:duration>5</gx:duration></gx:Wait></gx:Playlist></gx:Tour><gx:Tour><name>Hole 18 - Par 4 - 345 yards</name><gx:Playlist><gx:FlyTo><gx:duration>5</gx:duration><gx:flyToMode>smooth</gx:flyToMode><LookAt><latitude>-34.407492140749</latitude><longitude>19.257642125764</longitude><altitude>22</altitude><altitudeMode>relativeToGround</altitudeMode><heading>-139.57234632045</heading><tilt>70</tilt><range>90</range></LookAt></gx:FlyTo><gx:Wait><gx:duration>1</gx:duration></gx:Wait><gx:FlyTo><gx:duration>4</gx:duration><gx:flyToMode>smooth</gx:flyToMode><LookAt><latitude>-34.407492140749</latitude><longitude>19.257642125764</longitude><altitude>14</altitude><altitudeMode>relativeToGround</altitudeMode><heading>-139.57234632045</heading><tilt>74</tilt><range>60</range></LookAt></gx:FlyTo><gx:Wait><gx:duration>2</gx:duration></gx:Wait><gx:FlyTo><gx:duration>4</gx:duration><gx:flyToMode>smooth</gx:flyToMode><LookAt><latitude>-34.409150840915</latitude><longitude>19.255929425593</longitude><altitude>8.0154162873739</altitude><altitudeMode>relativeToGround</altitudeMode><heading>-145.49072302647</heading><tilt>75</tilt><range>51.783144801423</range></LookAt></gx:FlyTo><gx:Wait><gx:duration>2</gx:duration></gx:Wait><gx:FlyTo><gx:duration>4</gx:duration><gx:flyToMode>smooth</gx:flyToMode><LookAt><latitude>-34.409690840969</latitude><longitude>19.255479425548</longitude><altitude>0</altitude><altitudeMode>relativeToGround</altitudeMode><heading>-145.49072302647</heading><tilt>75</tilt><range>70</range></LookAt></gx:FlyTo><gx:Wait><gx:duration>2</gx:duration></gx:Wait><gx:FlyTo><gx:duration>5</gx:duration><gx:flyToMode>smooth</gx:flyToMode><LookAt><latitude>-34.409690840969</latitude><longitude>19.255479425548</longitude><altitude>0</altitude><altitudeMode>relativeToGround</altitudeMode><heading>124.50927697353</heading><tilt>75</tilt><range>60</range></LookAt></gx:FlyTo><gx:Wait><gx:duration>2</gx:duration></gx:Wait><gx:FlyTo><gx:duration>5</gx:duration><gx:flyToMode>smooth</gx:flyToMode><LookAt><latitude>-34.409690840969</latitude><longitude>19.255479425548</longitude><altitude>0</altitude><altitudeMode>relativeToGround</altitudeMode><heading>34.509276973533</heading><tilt>75</tilt><range>60</range></LookAt></gx:FlyTo><gx:Wait><gx:duration>2</gx:duration></gx:Wait><gx:FlyTo><gx:duration>5</gx:duration><gx:flyToMode>smooth</gx:flyToMode><LookAt><latitude>-34.409690840969</latitude><longitude>19.255479425548</longitude><altitude>0</altitude><altitudeMode>relativeToGround</altitudeMode><heading>304.50927697353</heading><tilt>75</tilt><range>60</range></LookAt></gx:FlyTo><gx:Wait><gx:duration>2</gx:duration></gx:Wait><gx:FlyTo><gx:duration>5</gx:duration><gx:flyToMode>smooth</gx:flyToMode><LookAt><latitude>-34.407492140749</latitude><longitude>19.257642125764</longitude><altitude>22</altitude><altitudeMode>relativeToGround</altitudeMode><heading>-139.57234632045</heading><tilt>70</tilt><range>90</range></LookAt></gx:FlyTo><gx:Wait><gx:duration>5</gx:duration></gx:Wait></gx:Playlist></gx:Tour></Document></kml>
